WELL ID,COMPLETION NO,WELL NAME,API,PRODDATE,OIL PROD,OIL SALES,GAS PROD,GAS SALES,WATER PROD,TUBING PRESSURE,CASING PRESSURE,BOTTOMHOLE PRESSURE
1.00E+14,1.00E+14,AFTERMATH EAST A UNIT 303H,4230135870,4/6/2026,0,,0,0,0,253,1012,1928.665456
1.00E+14,1.00E+14,AFTERMATH EAST A UNIT 303H,4230135870,4/5/2026,249.79,,223.93,221.41,645.73,193,1014,1911.731272
1.00E+14,1.00E+14,AFTERMATH EAST A UNIT 303H,4230135870,4/4/2026,203.81,,208.63,206.26,447.58,200,1030,1891.938112
1.00E+14,1.00E+14,AFTERMATH EAST A UNIT 303H,4230135870,4/3/2026,205.83,,218.15,215.72,461.05,206,1015,1875.21907
1.00E+14,1.00E+14,AFTERMATH EAST A UNIT 303H,4230135870,4/2/2026,217.41,,200.7,198.43,503.85,152,1019,1864.66125
1.00E+14,1.00E+14,AFTERMATH EAST A UNIT 303H,4230135870,4/1/2026,217.74,,206.38,204.06,441.6,236,1022,1854.388333
1.00E+14,1.00E+14,AFTERMATH EAST A UNIT 303H,4230135870,3/31/2026,187.97,,210.31,208,542.04,175,1007,1848.974583
1.00E+14,1.00E+14,AFTERMATH EAST A UNIT 303H,4230135870,3/30/2026,211.39,,262.44,259.76,589.32,181.82,1010.18,1872.711885
1.00E+14,1.00E+14,AFTERMATH EAST A UNIT 303H,4230135870,3/29/2026,237.67,,337.64,334.23,632.72,202,1013,1919.5149
1.00E+14,1.00E+14,AFTERMATH EAST A UNIT 303H,4230135870,3/28/2026,214.74,,267.67,264.95,650.04,157,1012,1977.248392
1.00E+14,1.00E+14,AFTERMATH EAST A UNIT 303H,4230135870,3/27/2026,179.93,,252.82,250.12,643.61,150,1019,2010.479519
1.00E+14,1.00E+14,AFTERMATH EAST A UNIT 303H,4230135870,3/26/2026,221.37,,234.63,232.14,482.95,186,1019,2025.230653
1.00E+14,1.00E+14,AFTERMATH EAST A UNIT 303H,4230135870,3/25/2026,221.75,,207.16,204.85,550.39,140,1024,2036.850255
1.00E+14,1.00E+14,AFTERMATH EAST A UNIT 303H,4230135870,3/24/2026,226.49,,214.15,211.83,568.02,147,1026,2046.55375
1.00E+14,1.00E+14,AFTERMATH EAST A UNIT 303H,4230135870,3/23/2026,210.22,,219.62,217.14,657.08,182,1019,2057.427774
1.00E+14,1.00E+14,AFTERMATH EAST A UNIT 303H,4230135870,3/22/2026,195.39,,216.73,214.25,397.49,167,1018,2067.862841
1.00E+14,1.00E+14,AFTERMATH EAST A UNIT 303H,4230135870,3/21/2026,247.28,,219.94,217.54,397.52,122,1026,2053.641667
1.00E+14,1.00E+14,AFTERMATH EAST A UNIT 303H,4230135870,3/20/2026,146.42,,47.26,46.55,315.46,114,882,1928.075
1.00E+14,1.00E+14,AFTERMATH EAST A UNIT 303H,4230135870,3/19/2026,174.19,,199.07,196.6,339.04,231,1018,1863.324708
1.00E+14,1.00E+14,AFTERMATH EAST A UNIT 303H,4230135870,3/18/2026,214.21,,276.2,273.06,493.94,253,1021,1880.244194
1.00E+14,1.00E+14,AFTERMATH EAST A UNIT 303H,4230135870,3/17/2026,257.29,,287.05,283.38,490.24,221,1017,1934.670649
1.00E+14,1.00E+14,AFTERMATH EAST A UNIT 303H,4230135870,3/16/2026,224.5,,332.46,328.9,517.74,170,1024,2009.734725
1.00E+14,1.00E+14,AFTERMATH EAST A UNIT 303H,4230135870,3/15/2026,215.6,,328.81,325.41,493.7,189,1024,2018.461151
1.00E+14,1.00E+14,AFTERMATH EAST A UNIT 303H,4230135870,3/14/2026,253.44,,315.11,312.05,468.05,200,1020,2032.768235
1.00E+14,1.00E+14,AFTERMATH EAST A UNIT 303H,4230135870,3/13/2026,235.25,,309.26,306.21,444.92,194,1022,2040.81516
1.00E+14,1.00E+14,AFTERMATH EAST A UNIT 303H,4230135870,3/12/2026,244.06,,313.49,310.41,452.79,207,1015,2045.779189
1.00E+14,1.00E+14,AFTERMATH EAST A UNIT 303H,4230135870,3/11/2026,216.35,,309.09,306.03,449.36,193,1019,2051.96742
1.00E+14,1.00E+14,AFTERMATH EAST A UNIT 303H,4230135870,3/10/2026,259.89,,302.41,299.41,455.09,206,1017,2054.5625
1.00E+14,1.00E+14,AFTERMATH EAST A UNIT 303H,4230135870,3/9/2026,265.03,,307.29,304.31,452.78,209,1019,2053.064583
1.00E+14,1.00E+14,AFTERMATH EAST A UNIT 303H,4230135870,3/8/2026,281.28,,333.23,330.01,487.74,183,1025,2061.405087
1.00E+14,1.00E+14,AFTERMATH EAST A UNIT 303H,4230135870,3/7/2026,234.54,,289.8,286.76,475.42,157,1019,2069.189933
1.00E+14,1.00E+14,AFTERMATH EAST A UNIT 303H,4230135870,3/6/2026,264.76,,306.29,303.3,507.56,155,1022,2069.723035
1.00E+14,1.00E+14,AFTERMATH EAST A UNIT 303H,4230135870,3/5/2026,248.65,,336.94,333.68,488.5,187,1026,2087.172628
1.00E+14,1.00E+14,AFTERMATH EAST A UNIT 303H,4230135870,3/4/2026,256.72,,327.62,324.5,506.61,182,1023,2099.670248
1.00E+14,1.00E+14,AFTERMATH EAST A UNIT 303H,4230135870,3/3/2026,299.12,,339.48,336.25,497.56,181,1024,2112.335433
1.00E+14,1.00E+14,AFTERMATH EAST A UNIT 303H,4230135870,3/2/2026,227.89,,237.03,233.92,336.13,185,1022,2130.776028
1.00E+14,1.00E+14,AFTERMATH EAST A UNIT 303H,4230135870,3/1/2026,214.96,,206.77,204.04,297.76,165,1019,2143.778177
1.00E+14,1.00E+14,AFTERMATH EAST A UNIT 303H,4230135870,2/28/2026,193.42,,186.12,186.12,265.23,151,1019,2188.31206
1.00E+14,1.00E+14,AFTERMATH EAST A UNIT 303H,4230135870,2/27/2026,191.2,,194.42,191.98,291.17,168,1031,2212.555374
1.00E+14,1.00E+14,AFTERMATH EAST A UNIT 303H,4230135870,2/26/2026,219.85,,199.34,196.96,298.83,202,1019,2214.196056
1.00E+14,1.00E+14,AFTERMATH EAST A UNIT 303H,4230135870,2/25/2026,199.01,,192.32,190,274.02,130,1019,2214.52375
1.00E+14,1.00E+14,AFTERMATH EAST A UNIT 303H,4230135870,2/24/2026,266.06,,232.79,230.42,415.46,202,1019,2226.906211
1.00E+14,1.00E+14,AFTERMATH EAST A UNIT 303H,4230135870,2/23/2026,260.59,,258.02,255.7,455.14,145,1019,2246.581093
1.00E+14,1.00E+14,AFTERMATH EAST A UNIT 303H,4230135870,2/22/2026,245.39,,250.53,248.26,422.95,176,1019,2271.889945
1.00E+14,1.00E+14,AFTERMATH EAST A UNIT 303H,4230135870,2/21/2026,294.64,,283.26,280.83,458.67,131,1023,2355.8515
1.00E+14,1.00E+14,AFTERMATH EAST A UNIT 303H,4230135870,2/20/2026,305.64,,258.26,256.05,493.19,254,1001,2354.464583
1.00E+14,1.00E+14,AFTERMATH EAST A UNIT 303H,4230135870,2/19/2026,260.07,,166.59,164.9,418.79,139,1015,2170.68125
1.00E+14,1.00E+14,AFTERMATH EAST A UNIT 303H,4230135870,2/18/2026,295.43,,204.11,202.09,457.59,189,1034,2083.812917
1.00E+14,1.00E+14,AFTERMATH EAST A UNIT 303H,4230135870,2/17/2026,288.25,,230.95,228.9,474.03,174,1022,2083.589595
1.00E+14,1.00E+14,AFTERMATH EAST A UNIT 303H,4230135870,2/16/2026,228.85,,128.26,127.15,452.31,188,1028,2088.879069
1.00E+14,1.00E+14,AFTERMATH EAST A UNIT 303H,4230135870,2/15/2026,275.2,,149.16,147.86,528.03,181,1029,2108.232135
1.00E+14,1.00E+14,AFTERMATH EAST A UNIT 303H,4230135870,2/14/2026,266.38,,141.86,140.53,496.92,176,1032,2136.531291
1.00E+14,1.00E+14,AFTERMATH EAST A UNIT 303H,4230135870,2/13/2026,268.52,,143.82,142.57,502.24,156,1022,2166.277514
1.00E+14,1.00E+14,AFTERMATH EAST A UNIT 303H,4230135870,2/12/2026,204.38,,138.38,137.12,477.73,164,1029,2200.078333
1.00E+14,1.00E+14,AFTERMATH EAST A UNIT 303H,4230135870,2/11/2026,273.98,,140.15,138.94,499.46,158,1048,2251.46824
1.00E+14,1.00E+14,AFTERMATH EAST A UNIT 303H,4230135870,2/10/2026,290.7,,103.98,103,503.91,159,1046,2335.882861
1.00E+14,1.00E+14,AFTERMATH EAST A UNIT 303H,4230135870,2/9/2026,294.51,,104.51,103.5,497.86,155,1075,2469.727453
1.00E+14,1.00E+14,AFTERMATH EAST A UNIT 303H,4230135870,2/8/2026,216.23,,49.52,48.91,347.06,195,889,2481.871761
1.00E+14,1.00E+14,AFTERMATH EAST A UNIT 303H,4230135870,2/7/2026,139.15,,61.76,60.75,0,156,1058,2270.134167
1.00E+14,1.00E+14,AFTERMATH EAST A UNIT 303H,4230135870,2/6/2026,272.35,,112.45,111.49,510,178,1037,2303.305856
1.00E+14,1.00E+14,AFTERMATH EAST A UNIT 303H,4230135870,2/5/2026,280.12,,145.14,143.85,472.83,136,1062,2366.577207
1.00E+14,1.00E+14,AFTERMATH EAST A UNIT 303H,4230135870,2/4/2026,267.21,,136.43,135.26,484.49,130,1014,2427.271249
1.00E+14,1.00E+14,AFTERMATH EAST A UNIT 303H,4230135870,2/3/2026,245.43,,137.68,136.55,498.44,243,1060,2484.719761
1.00E+14,1.00E+14,AFTERMATH EAST A UNIT 303H,4230135870,2/2/2026,308.33,,112.01,111.12,518.56,181,1059,2526.559522
1.00E+14,1.00E+14,AFTERMATH EAST A UNIT 303H,4230135870,2/1/2026,282.21,,186.45,184.9,497.52,199,1084,2660.92806
1.00E+14,1.00E+14,AFTERMATH EAST A UNIT 303H,4230135870,1/31/2026,294.98,,105.54,104.48,462.75,164.66,990.51,3095.648755
1.00E+14,1.00E+14,AFTERMATH EAST A UNIT 303H,4230135870,1/30/2026,216.72,,137.03,135.53,359.92,129,1072,2903.090417
1.00E+14,1.00E+14,AFTERMATH EAST A UNIT 303H,4230135870,1/29/2026,174.98,,66.96,66.12,408.68,122,1079,3145.352204
1.00E+14,1.00E+14,AFTERMATH EAST A UNIT 303H,4230135870,1/28/2026,148.75,,5.75,5.5,323.09,78.25,1017.23,3342.0725
1.00E+14,1.00E+14,AFTERMATH EAST A UNIT 303H,4230135870,1/27/2026,0,,0,0,0,60.06,980.82,3237.294583
1.00E+14,1.00E+14,AFTERMATH EAST A UNIT 303H,4230135870,1/26/2026,0,,0,0,0,78.47,996.77,3006.263333
1.00E+14,1.00E+14,AFTERMATH EAST A UNIT 303H,4230135870,1/25/2026,65.83,,43.16,42.05,145.56,115,950,2887.7075
1.00E+14,1.00E+14,AFTERMATH EAST A UNIT 303H,4230135870,1/24/2026,133.43,,24.24,23.84,246.88,119,999,3144.386797
1.00E+14,1.00E+14,AFTERMATH EAST A UNIT 303H,4230135870,1/23/2026,87.46,,-90.74,0,202.27,128,971,3145.4925
1.00E+14,1.00E+14,AFTERMATH EAST A UNIT 303H,4230135870,1/22/2026,214.55,,82.16,81.1,338,129,977,2912.30125
1.00E+14,1.00E+14,AFTERMATH EAST A UNIT 303H,4230135870,1/21/2026,218.7,,105.69,104.38,380.43,214,1069,2518.214583
1.00E+14,1.00E+14,AFTERMATH EAST A UNIT 303H,4230135870,1/20/2026,223.55,,156.25,154.55,450.6,184,1094,2649.095605
1.00E+14,1.00E+14,AFTERMATH EAST A UNIT 303H,4230135870,1/19/2026,238.38,,111.65,110.26,470.44,1283,1061.55,3117.791632
1.00E+14,1.00E+14,AFTERMATH EAST A UNIT 303H,4230135870,1/18/2026,231.49,,80.32,79.17,449.42,120,963,3237.47875
1.00E+14,1.00E+14,AFTERMATH EAST A UNIT 303H,4230135870,1/17/2026,213.05,,78.76,77.61,323.89,121,965,3308.850417
1.00E+14,1.00E+14,AFTERMATH EAST A UNIT 303H,4230135870,1/16/2026,142.52,,105.62,104.17,304.85,129,981,3145.672083
1.00E+14,1.00E+14,AFTERMATH EAST A UNIT 303H,4230135870,1/15/2026,225.6,,159.22,157.45,400.68,202,1103,3041.235027
1.00E+14,1.00E+14,AFTERMATH EAST A UNIT 303H,4230135870,1/14/2026,233.32,,111.43,110.1,428.6,127,945,3282.41375
1.00E+14,1.00E+14,AFTERMATH EAST A UNIT 303H,4230135870,1/13/2026,209.78,,119.97,118.45,408.29,152,1079,3229.20875
1.00E+14,1.00E+14,AFTERMATH EAST A UNIT 303H,4230135870,1/12/2026,217.87,,84.62,83.61,429.01,118,955,3240.398333
1.00E+14,1.00E+14,AFTERMATH EAST A UNIT 303H,4230135870,1/11/2026,190.26,,73.3,72.32,387.53,110,972,3172.277917
1.00E+14,1.00E+14,AFTERMATH EAST A UNIT 303H,4230135870,1/10/2026,141.68,,106.17,104.41,246.54,140,1017,3118.943333
1.00E+14,1.00E+14,AFTERMATH EAST A UNIT 303H,4230135870,1/9/2026,221.7,,130.11,128.59,415.93,128,1019,3075.680417
1.00E+14,1.00E+14,AFTERMATH EAST A UNIT 303H,4230135870,1/8/2026,226.9,,136.77,135.2,400.67,140,1008,3053.852917
1.00E+14,1.00E+14,AFTERMATH EAST A UNIT 303H,4230135870,1/7/2026,237.91,,135.06,133.39,429.13,130,1011,2961.294167
1.00E+14,1.00E+14,AFTERMATH EAST A UNIT 303H,4230135870,1/6/2026,230.87,,134.76,133.23,418.92,119,995,2834.745833
1.00E+14,1.00E+14,AFTERMATH EAST A UNIT 303H,4230135870,1/5/2026,246.87,,139.42,137.78,433.25,126,1106,2627.784583
1.00E+14,1.00E+14,AFTERMATH EAST A UNIT 303H,4230135870,1/4/2026,244.81,,171.54,169.74,428.85,188,1059,2590.604167
1.00E+14,1.00E+14,AFTERMATH EAST A UNIT 303H,4230135870,1/3/2026,247.91,,157.68,155.94,440.06,214,1049,2684.254167
1.00E+14,1.00E+14,AFTERMATH EAST A UNIT 303H,4230135870,1/2/2026,236.78,,201.12,199.01,450.41,130,1076,2642.948361
1.00E+14,1.00E+14,AFTERMATH EAST A UNIT 303H,4230135870,1/1/2026,256.61,,188.65,186.64,481.63,120,1088,2598.57
1.00E+14,1.00E+14,AFTERMATH EAST A UNIT 303H,4230135870,12/31/2025,239.77,,156.84,154.96,437.58,130,1082,2537.115833
1.00E+14,1.00E+14,AFTERMATH EAST A UNIT 303H,4230135870,12/30/2025,269.41,,142.89,141.19,451.91,125,1060,2428.130912
1.00E+14,1.00E+14,AFTERMATH EAST A UNIT 303H,4230135870,12/29/2025,251.62,,189.3,187.31,483.74,266,1043,2584.091217
1.00E+14,1.00E+14,AFTERMATH EAST A UNIT 303H,4230135870,12/28/2025,230.74,,161.25,159.52,475.82,136,978,2707.319583
1.00E+14,1.00E+14,AFTERMATH EAST A UNIT 303H,4230135870,12/27/2025,66.87,,130.52,128.95,468.04,132,999,2577.55375
1.00E+14,1.00E+14,AFTERMATH EAST A UNIT 303H,4230135870,12/26/2025,235.31,,125.85,124.44,419.31,135,985,2324.872083
1.00E+14,1.00E+14,AFTERMATH EAST A UNIT 303H,4230135870,12/25/2025,265.44,,149.48,147.81,414.93,143,1023,2093.15625
1.00E+14,1.00E+14,AFTERMATH EAST A UNIT 303H,4230135870,12/24/2025,246.91,,160.51,158.86,421.9,206,1008,2077.70875
1.00E+14,1.00E+14,AFTERMATH EAST A UNIT 303H,4230135870,12/23/2025,274.35,,185.52,183.66,447.06,174,1020,2080.097083
1.00E+14,1.00E+14,AFTERMATH EAST A UNIT 303H,4230135870,12/22/2025,276.43,,163.76,162.03,479.34,173,1026,2080.19125
1.00E+14,1.00E+14,AFTERMATH EAST A UNIT 303H,4230135870,12/21/2025,267.74,,167.21,165.42,445.76,231,1027,2096.252664
1.00E+14,1.00E+14,AFTERMATH EAST A UNIT 303H,4230135870,12/20/2025,290.03,,178.64,176.77,438.39,173,1025,2123.943975
1.00E+14,1.00E+14,AFTERMATH EAST A UNIT 303H,4230135870,12/19/2025,252.1,,173.18,171.4,458.72,189,1023,2146.463011
1.00E+14,1.00E+14,AFTERMATH EAST A UNIT 303H,4230135870,12/18/2025,280.97,,174.96,173.13,474.24,185,1026,2178.580154
1.00E+14,1.00E+14,AFTERMATH EAST A UNIT 303H,4230135870,12/17/2025,249.53,,150.04,148.26,384.34,172,1028,2215.68625
1.00E+14,1.00E+14,AFTERMATH EAST A UNIT 303H,4230135870,12/16/2025,286.77,,170.15,168.35,508.33,163,1016,2210.654995
1.00E+14,1.00E+14,AFTERMATH EAST A UNIT 303H,4230135870,12/15/2025,283.84,,177.02,175.18,450.89,149,1029,2234.55614
1.00E+14,1.00E+14,AFTERMATH EAST A UNIT 303H,4230135870,12/14/2025,279.79,,178.07,176.21,470.95,146,1030,2246.393775
1.00E+14,1.00E+14,AFTERMATH EAST A UNIT 303H,4230135870,12/13/2025,285.31,,186.34,184.43,507.88,191,1027,2286.818127
1.00E+14,1.00E+14,AFTERMATH EAST A UNIT 303H,4230135870,12/12/2025,283.23,,178.14,176.33,485.56,173,1021,2301.602918
1.00E+14,1.00E+14,AFTERMATH EAST A UNIT 303H,4230135870,12/11/2025,279.39,,165.13,163.45,527.5,221,1041,2304.599448
1.00E+14,1.00E+14,AFTERMATH EAST A UNIT 303H,4230135870,12/10/2025,449.01,,370.8,367.08,669.85,222,1051,2448.138333
1.00E+14,1.00E+14,AFTERMATH EAST A UNIT 303H,4230135870,12/9/2025,322.69,,93.7,92.26,480.09,623.58,1033,2649.318
1.00E+14,1.00E+14,AFTERMATH EAST A UNIT 303H,4230135870,12/8/2025,287.41,,318.73,314.34,418.66,171,1037,2765.605848
1.00E+14,1.00E+14,AFTERMATH EAST A UNIT 303H,4230135870,12/7/2025,191.29,,296.39,292.12,415.52,171,1069,2569.967083
1.00E+14,1.00E+14,AFTERMATH EAST A UNIT 303H,4230135870,12/6/2025,330.14,,290.65,287.6,597.57,171,1009,2538.8675
1.00E+14,1.00E+14,AFTERMATH EAST A UNIT 303H,4230135870,12/5/2025,362.28,,296.75,293.75,593.18,224,1054,2733.939456
1.00E+14,1.00E+14,AFTERMATH EAST A UNIT 303H,4230135870,12/4/2025,328.11,,351.7,348.17,631.13,150,1088,2814.768823
1.00E+14,1.00E+14,AFTERMATH EAST A UNIT 303H,4230135870,12/3/2025,304,,32.44,32.06,555.21,161.51,708.59,3176.464148
1.00E+14,1.00E+14,AFTERMATH EAST A UNIT 303H,4230135870,12/2/2025,163.8,,0,0,469.18,132.43,444.3,3139.000833
1.00E+14,1.00E+14,AFTERMATH EAST A UNIT 303H,4230135870,12/1/2025,182.09,,57.72,56.86,452.33,128,517,3095.689167
1.00E+14,1.00E+14,AFTERMATH EAST A UNIT 303H,4230135870,11/30/2025,205.2,,100.35,98.94,550.41,128,604,3050.320833
1.00E+14,1.00E+14,AFTERMATH EAST A UNIT 303H,4230135870,11/29/2025,210.43,,24.12,23.77,488.55,131,686.71,3002.4675
1.00E+14,1.00E+14,AFTERMATH EAST A UNIT 303H,4230135870,11/28/2025,237.47,,42.08,41.37,479.01,137,787,2950.92375
1.00E+14,1.00E+14,AFTERMATH EAST A UNIT 303H,4230135870,11/27/2025,256.36,,91.93,90.8,532.24,129,907,2895.927917
1.00E+14,1.00E+14,AFTERMATH EAST A UNIT 303H,4230135870,11/26/2025,135.1,,20.34,19.72,212.58,124,934,2836.032083
1.00E+14,1.00E+14,AFTERMATH EAST A UNIT 303H,4230135870,11/25/2025,108.71,,0.74,0.7,164.86,259.95,937.55,2772.415
1.00E+14,1.00E+14,AFTERMATH EAST A UNIT 303H,4230135870,11/24/2025,0,,0,0,0,192.17,941.17,2696.976667
1.00E+14,1.00E+14,AFTERMATH EAST A UNIT 303H,4230135870,11/23/2025,0,,0,0,0,54.32,931.22,2596.850417
1.00E+14,1.00E+14,AFTERMATH EAST A UNIT 303H,4230135870,11/22/2025,115.95,,191.57,187.41,178.08,133,993,2458.589583
1.00E+14,1.00E+14,AFTERMATH EAST A UNIT 303H,4230135870,11/21/2025,268.16,,136.74,134.85,0,494,992,2338.265896
1.00E+14,1.00E+14,AFTERMATH EAST A UNIT 303H,4230135870,11/20/2025,134.06,,229.83,226.02,584.04,161,1021,2100.1325
1.00E+14,1.00E+14,AFTERMATH EAST A UNIT 303H,4230135870,11/19/2025,262.64,,267.07,264.09,581.27,136,940,1964.131667
1.00E+14,1.00E+14,AFTERMATH EAST A UNIT 303H,4230135870,11/18/2025,253.66,,328.29,324.33,575.3,141,1004,1709.126667
1.00E+14,1.00E+14,AFTERMATH EAST A UNIT 303H,4230135870,11/17/2025,283.5,,482.63,477.79,518.98,149,1005,1709.163438
1.00E+14,1.00E+14,AFTERMATH EAST A UNIT 303H,4230135870,11/16/2025,310.51,,494.99,490.07,586.89,158,1008,1744.726951
1.00E+14,1.00E+14,AFTERMATH EAST A UNIT 303H,4230135870,11/15/2025,318.63,,478.48,473.68,599.58,178,1013,1771.369884
1.00E+14,1.00E+14,AFTERMATH EAST A UNIT 303H,4230135870,11/14/2025,285.43,,464.42,459.74,578.93,209,1006,1790.801188
1.00E+14,1.00E+14,AFTERMATH EAST A UNIT 303H,4230135870,11/13/2025,10.81,,363.28,359.59,506.71,230,1016,1809.15756
1.00E+14,1.00E+14,AFTERMATH EAST A UNIT 303H,4230135870,11/12/2025,259.71,,530.17,524.72,525.99,149,1009,1821.268066
1.00E+14,1.00E+14,AFTERMATH EAST A UNIT 303H,4230135870,11/11/2025,274.45,,588.03,581.89,547.5,164,1014,1832.702797
1.00E+14,1.00E+14,AFTERMATH EAST A UNIT 303H,4230135870,11/10/2025,280.5,,530.23,524.71,534.35,141,1018,1801.908333
1.00E+14,1.00E+14,AFTERMATH EAST A UNIT 303H,4230135870,11/9/2025,250.74,,567.52,561.57,526.24,153,1010,1793.343333
1.00E+14,1.00E+14,AFTERMATH EAST A UNIT 303H,4230135870,11/8/2025,246.99,,596.07,589.89,585.23,266,1014,1789.682083
1.00E+14,1.00E+14,AFTERMATH EAST A UNIT 303H,4230135870,11/7/2025,268.34,,581.91,575.92,3.41,167.11,1011.88,1789.096727
1.00E+14,1.00E+14,AFTERMATH EAST A UNIT 303H,4230135870,11/6/2025,264.81,,0,0,576.47,169,1010,1797.142449
1.00E+14,1.00E+14,AFTERMATH EAST A UNIT 303H,4230135870,11/5/2025,271.76,,582.76,576.54,569.19,140,1016,1806.590753
1.00E+14,1.00E+14,AFTERMATH EAST A UNIT 303H,4230135870,11/4/2025,284.65,,644.44,637.65,571.22,175,1018,1810.062319
1.00E+14,1.00E+14,AFTERMATH EAST A UNIT 303H,4230135870,11/3/2025,271.02,,580.68,574.56,576.85,166,1012,1817.123837
1.00E+14,1.00E+14,AFTERMATH EAST A UNIT 303H,4230135870,11/2/2025,268.18,,538.07,532.27,562.61,184,1013,1819.476
1.00E+14,1.00E+14,AFTERMATH EAST A UNIT 303H,4230135870,11/1/2025,274.36,,591.56,585.48,600.48,178,1013,1820.809345
1.00E+14,1.00E+14,AFTERMATH EAST A UNIT 303H,4230135870,10/31/2025,270.48,,568.04,562.02,577.18,158,1014,1818.110833
1.00E+14,1.00E+14,AFTERMATH EAST A UNIT 303H,4230135870,10/30/2025,270.8,,559.94,554.12,555.75,126,1012,1814.890332
1.00E+14,1.00E+14,AFTERMATH EAST A UNIT 303H,4230135870,10/29/2025,250.69,,545.91,539.89,582.61,191,1014,1832.244495
1.00E+14,1.00E+14,AFTERMATH EAST A UNIT 303H,4230135870,10/28/2025,252.81,,595.62,589.29,562.55,168,1014,1835.382083
1.00E+14,1.00E+14,AFTERMATH EAST A UNIT 303H,4230135870,10/27/2025,265.37,,608.96,602.55,582.24,158,1011,1819.792083
1.00E+14,1.00E+14,AFTERMATH EAST A UNIT 303H,4230135870,10/26/2025,273.1,,633.04,626.51,602.72,141,1014,1792.290417
1.00E+14,1.00E+14,AFTERMATH EAST A UNIT 303H,4230135870,10/25/2025,270.17,,643.28,636.68,604.58,195,1011,1747.912083
1.00E+14,1.00E+14,AFTERMATH EAST A UNIT 303H,4230135870,10/24/2025,270.82,,641.58,635.01,601.82,158,1008,1706.33
1.00E+14,1.00E+14,AFTERMATH EAST A UNIT 303H,4230135870,10/23/2025,260.22,,720.02,712.59,586.55,168,1007,1700.211924
1.00E+14,1.00E+14,AFTERMATH EAST A UNIT 303H,4230135870,10/22/2025,268.86,,834.45,826.03,615.06,140,1007,1729.496602
1.00E+14,1.00E+14,AFTERMATH EAST A UNIT 303H,4230135870,10/21/2025,280.33,,739.46,731.91,612.65,147,1011,1755.952208
1.00E+14,1.00E+14,AFTERMATH EAST A UNIT 303H,4230135870,10/20/2025,323.43,,696.67,689.34,596.4,146,1011,1790.700503
1.00E+14,1.00E+14,AFTERMATH EAST A UNIT 303H,4230135870,10/19/2025,234.26,,179.37,177.44,561.15,169,1013,1801.775
1.00E+14,1.00E+14,AFTERMATH EAST A UNIT 303H,4230135870,10/18/2025,189.42,,141.97,140.41,535.49,181,1011,1781.18125
1.00E+14,1.00E+14,AFTERMATH EAST A UNIT 303H,4230135870,10/17/2025,200.13,,152.95,151.28,518.92,175,1011,1755.875833
1.00E+14,1.00E+14,AFTERMATH EAST A UNIT 303H,4230135870,10/16/2025,173.23,,164.01,162.32,478.32,195,1015,1721.4125
1.00E+14,1.00E+14,AFTERMATH EAST A UNIT 303H,4230135870,10/15/2025,204.98,,209.68,207.85,527.21,162,1011,1691.690833
1.00E+14,1.00E+14,AFTERMATH EAST A UNIT 303H,4230135870,10/14/2025,263.68,,251.66,249.5,669.14,256,1015,1723.805016
1.00E+14,1.00E+14,AFTERMATH EAST A UNIT 303H,4230135870,10/13/2025,281.25,,300.41,297.68,755.21,128,1028,1933.053441
1.00E+14,1.00E+14,AFTERMATH EAST A UNIT 303H,4230135870,10/12/2025,247.32,,334.77,331.68,757.28,148,1027,1957.393436
1.00E+14,1.00E+14,AFTERMATH EAST A UNIT 303H,4230135870,10/11/2025,250.3,,252.27,249.96,784.43,230,1027,1989.409871
1.00E+14,1.00E+14,AFTERMATH EAST A UNIT 303H,4230135870,10/10/2025,227.42,,253.08,250.74,794.4,178,1021,1996.801974
1.00E+14,1.00E+14,AFTERMATH EAST A UNIT 303H,4230135870,10/9/2025,255.79,,282.75,280.29,821.78,194,1026,2098.902313
1.00E+14,1.00E+14,AFTERMATH EAST A UNIT 303H,4230135870,10/8/2025,161.83,,63.05,61.8,524.43,882,1001,2084.237383
1.00E+14,1.00E+14,AFTERMATH EAST A UNIT 303H,4230135870,10/7/2025,195.85,,258.6,256.23,641.54,129,1031,1959.048469
1.00E+14,1.00E+14,AFTERMATH EAST A UNIT 303H,4230135870,10/6/2025,228.11,,261.18,258.74,670.11,150,1030,1969.816918
1.00E+14,1.00E+14,AFTERMATH EAST A UNIT 303H,4230135870,10/5/2025,281.65,,258.63,256.19,780.11,150,1030,1992.659167
1.00E+14,1.00E+14,AFTERMATH EAST A UNIT 303H,4230135870,10/4/2025,300.49,,259.64,257.15,767.86,186,1024,1989.3925
1.00E+14,1.00E+14,AFTERMATH EAST A UNIT 303H,4230135870,10/3/2025,225.96,,235.42,232.96,737.6,189,1024,2002.024865
1.00E+14,1.00E+14,AFTERMATH EAST A UNIT 303H,4230135870,10/2/2025,190.18,,221.21,218.76,702.24,194,1024,2019.912917
1.00E+14,1.00E+14,AFTERMATH EAST A UNIT 303H,4230135870,10/1/2025,213.25,,257.09,254.65,752.44,145,1029,2002.891667
1.00E+14,1.00E+14,AFTERMATH EAST A UNIT 303H,4230135870,9/30/2025,236.66,,257.24,254.81,790.79,165,1020,2008.673642
1.00E+14,1.00E+14,AFTERMATH EAST A UNIT 303H,4230135870,9/29/2025,237.43,,246.1,243.72,794.36,197,1030,2003.481667
1.00E+14,1.00E+14,AFTERMATH EAST A UNIT 303H,4230135870,9/28/2025,182.88,,213.15,210.75,651.24,142,1028,1996.168333
1.00E+14,1.00E+14,AFTERMATH EAST A UNIT 303H,4230135870,9/27/2025,220.48,,417.59,413.78,719.99,148,1024,1956.325417
1.00E+14,1.00E+14,AFTERMATH EAST A UNIT 303H,4230135870,9/26/2025,205.34,,368.22,364.92,690.21,153,1035,1912.4375
1.00E+14,1.00E+14,AFTERMATH EAST A UNIT 303H,4230135870,9/25/2025,233.53,,419.99,416.23,824.7,180,1024,1897.76125
1.00E+14,1.00E+14,AFTERMATH EAST A UNIT 303H,4230135870,9/24/2025,256.75,,435.66,431.86,784.95,161,1024,1931.348387
1.00E+14,1.00E+14,AFTERMATH EAST A UNIT 303H,4230135870,9/23/2025,253.15,,303.03,300.09,720.88,165,1022,2018.293613
1.00E+14,1.00E+14,AFTERMATH EAST A UNIT 303H,4230135870,9/22/2025,235.96,,353.79,350.66,726.56,193,1023,2035.300824
1.00E+14,1.00E+14,AFTERMATH EAST A UNIT 303H,4230135870,9/21/2025,247.98,,341.99,338.88,742.31,169,1023,2033.764276
1.00E+14,1.00E+14,AFTERMATH EAST A UNIT 303H,4230135870,9/20/2025,234.59,,287.45,284.6,710.8,155,1025,2034.713204
1.00E+14,1.00E+14,AFTERMATH EAST A UNIT 303H,4230135870,9/19/2025,219.98,,299.01,295.96,646.41,181,1028,2049.508921
1.00E+14,1.00E+14,AFTERMATH EAST A UNIT 303H,4230135870,9/18/2025,247.89,,276.42,273.54,737.01,188,1030,2075.860587
1.00E+14,1.00E+14,AFTERMATH EAST A UNIT 303H,4230135870,9/17/2025,244.12,,295.38,292.35,728.29,200,1034,2198.410345
1.00E+14,1.00E+14,AFTERMATH EAST A UNIT 303H,4230135870,9/16/2025,166.63,,103.49,101.6,492.03,476.15,1013.09,2213.185
1.00E+14,1.00E+14,AFTERMATH EAST A UNIT 303H,4230135870,9/15/2025,221.86,,278.54,275.76,701.08,119,975,2138.375833
1.00E+14,1.00E+14,AFTERMATH EAST A UNIT 303H,4230135870,9/14/2025,220.23,,318.81,315.65,722.92,216,1022,1988.509695
1.00E+14,1.00E+14,AFTERMATH EAST A UNIT 303H,4230135870,9/13/2025,235.72,,326.91,323.72,726.83,150,1025,1969.129935
1.00E+14,1.00E+14,AFTERMATH EAST A UNIT 303H,4230135870,9/12/2025,242.35,,330.11,326.93,478.13,176,1033,1950.877917
1.00E+14,1.00E+14,AFTERMATH EAST A UNIT 303H,4230135870,9/11/2025,0,,0,0,0,207,1025,1962.444937
1.00E+14,1.00E+14,AFTERMATH EAST A UNIT 303H,4230135870,9/10/2025,234.06,,198.17,196.29,703.01,143,1030,1938.984932
1.00E+14,1.00E+14,AFTERMATH EAST A UNIT 303H,4230135870,9/9/2025,246.88,,207.54,205.61,736.28,183,1029,1885.127083
1.00E+14,1.00E+14,AFTERMATH EAST A UNIT 303H,4230135870,9/8/2025,243.82,,229.8,227.71,552.05,217,1025,1878.728787
1.00E+14,1.00E+14,AFTERMATH EAST A UNIT 303H,4230135870,9/7/2025,244.53,,174.04,172.43,752.65,198,1027,2006.439208
1.00E+14,1.00E+14,AFTERMATH EAST A UNIT 303H,4230135870,9/6/2025,219.75,,162.49,160.99,755.29,177,1026,2053.83375
1.00E+14,1.00E+14,AFTERMATH EAST A UNIT 303H,4230135870,9/5/2025,183.06,,144.41,142.98,726.93,286,1001,2139.653554
1.00E+14,1.00E+14,AFTERMATH EAST A UNIT 303H,4230135870,9/4/2025,172.25,,148.14,146.58,558.99,180,1027,2034.99738
1.00E+14,1.00E+14,AFTERMATH EAST A UNIT 303H,4230135870,9/3/2025,164.85,,152.86,151.35,611.91,160,1026,2075.277508
1.00E+14,1.00E+14,AFTERMATH EAST A UNIT 303H,4230135870,9/2/2025,198.81,,136.61,135.19,729.28,175,1031,2094.058644
1.00E+14,1.00E+14,AFTERMATH EAST A UNIT 303H,4230135870,9/1/2025,228.78,,106.56,105.45,729.65,122,996,2343.458675
1.00E+14,1.00E+14,AFTERMATH EAST A UNIT 303H,4230135870,8/31/2025,206.98,,111.8,110.54,725.31,165,1024,2072.747917
1.00E+14,1.00E+14,AFTERMATH EAST A UNIT 303H,4230135870,8/30/2025,186.75,,137.31,135.91,780.01,185,1020,2020.862083
1.00E+14,1.00E+14,AFTERMATH EAST A UNIT 303H,4230135870,8/29/2025,231.14,,141.54,140.1,679.04,164,1022,1973.635417
1.00E+14,1.00E+14,AFTERMATH EAST A UNIT 303H,4230135870,8/28/2025,231.9,,152.97,151.46,729.45,186.4,1026.56,1972.761793
1.00E+14,1.00E+14,AFTERMATH EAST A UNIT 303H,4230135870,8/27/2025,242.67,,238.44,236.08,782.32,184,1031,2039.028402
1.00E+14,1.00E+14,AFTERMATH EAST A UNIT 303H,4230135870,8/26/2025,273.2,,140.07,138.65,742.07,209,1032,2084.150874
1.00E+14,1.00E+14,AFTERMATH EAST A UNIT 303H,4230135870,8/25/2025,255.31,,221.18,218.98,593.16,166,1032,2096.259149
1.00E+14,1.00E+14,AFTERMATH EAST A UNIT 303H,4230135870,8/24/2025,260.79,,270.42,267.65,489.6,225,974,2160.793333
1.00E+14,1.00E+14,AFTERMATH EAST A UNIT 303H,4230135870,8/23/2025,274.69,,364.53,361.17,491.14,163,1062,2034.901539
1.00E+14,1.00E+14,AFTERMATH EAST A UNIT 303H,4230135870,8/22/2025,273.8,,319.93,316.81,497.77,183,1033,2077.890833
1.00E+14,1.00E+14,AFTERMATH EAST A UNIT 303H,4230135870,8/21/2025,266.21,,331.77,328.52,474.7,167,1037,2097.37875
1.00E+14,1.00E+14,AFTERMATH EAST A UNIT 303H,4230135870,8/20/2025,260.17,,165.88,164.21,423.53,174,1046,2142.268111
1.00E+14,1.00E+14,AFTERMATH EAST A UNIT 303H,4230135870,8/19/2025,346.34,,283.13,280.34,481.21,148,1050,2209.294014
1.00E+14,1.00E+14,AFTERMATH EAST A UNIT 303H,4230135870,8/18/2025,286.74,,142.11,140.47,608.5,129,980,2490.39
1.00E+14,1.00E+14,AFTERMATH EAST A UNIT 303H,4230135870,8/17/2025,186.17,,228.11,225.45,510.98,155,1029,2064.56125
1.00E+14,1.00E+14,AFTERMATH EAST A UNIT 303H,4230135870,8/16/2025,286.13,,318.75,315.62,625.25,177,1035,2031.874583
1.00E+14,1.00E+14,AFTERMATH EAST A UNIT 303H,4230135870,8/15/2025,279.27,,351.16,347.77,614.44,192,1040,2048.698903
1.00E+14,1.00E+14,AFTERMATH EAST A UNIT 303H,4230135870,8/14/2025,269.9,,198.55,196.71,522.71,203,1039,2078.028648
1.00E+14,1.00E+14,AFTERMATH EAST A UNIT 303H,4230135870,8/13/2025,291.16,,178.66,177.18,690.5,213,1033,2109.823075
1.00E+14,1.00E+14,AFTERMATH EAST A UNIT 303H,4230135870,8/12/2025,342.09,,177.83,176.46,748.26,200,1047,2179.591335
1.00E+14,1.00E+14,AFTERMATH EAST A UNIT 303H,4230135870,8/11/2025,289.43,,174.16,0,600.41,170,1060,2213.324995
1.00E+14,1.00E+14,AFTERMATH EAST A UNIT 303H,4230135870,8/10/2025,288.62,,185.53,0,632.87,154,1066,2247.2125
1.00E+14,1.00E+14,AFTERMATH EAST A UNIT 303H,4230135870,8/9/2025,288.76,,175.94,0,649.45,161,1054,2203.802083
1.00E+14,1.00E+14,AFTERMATH EAST A UNIT 303H,4230135870,8/8/2025,278.54,,155.91,0,632.37,167,1038,2216.802273
1.00E+14,1.00E+14,AFTERMATH EAST A UNIT 303H,4230135870,8/7/2025,303.15,,193.96,0,670.23,173,1033,2272.655559
1.00E+14,1.00E+14,AFTERMATH EAST A UNIT 303H,4230135870,8/6/2025,301.88,,202.99,0,649.91,136,1096,2328.41553
1.00E+14,1.00E+14,AFTERMATH EAST A UNIT 303H,4230135870,8/5/2025,273.5,,166.26,0,587.88,327,1071,2422.975833
1.00E+14,1.00E+14,AFTERMATH EAST A UNIT 303H,4230135870,8/4/2025,0,,0,0,0,131,1120,2526.630518
1.00E+14,1.00E+14,AFTERMATH EAST A UNIT 303H,4230135870,8/3/2025,285.45,,258.87,0,694.31,133,1106,2568.360421
1.00E+14,1.00E+14,AFTERMATH EAST A UNIT 303H,4230135870,8/2/2025,273.63,,246.71,0,658.32,144,1086,2538.446146
1.00E+14,1.00E+14,AFTERMATH EAST A UNIT 303H,4230135870,8/1/2025,290.49,,225.58,0,0,138,1121,2562.864249
1.00E+14,1.00E+14,AFTERMATH EAST A UNIT 303H,4230135870,7/31/2025,291.64,,233.34,0,603.04,125,1129,2537.951248
1.00E+14,1.00E+14,AFTERMATH EAST A UNIT 303H,4230135870,7/30/2025,316.36,,230.8,0,616.55,134,1088,2570.855
1.00E+14,1.00E+14,AFTERMATH EAST A UNIT 303H,4230135870,7/29/2025,346.6,,246.64,0,666.59,199,1100,2602.38125
1.00E+14,1.00E+14,AFTERMATH EAST A UNIT 303H,4230135870,7/28/2025,321.13,,306.81,0,630.18,179,1074,2769.240119
1.00E+14,1.00E+14,AFTERMATH EAST A UNIT 303H,4230135870,7/27/2025,283.6,,113.89,0,614.72,117,962,3052.75625
1.00E+14,1.00E+14,AFTERMATH EAST A UNIT 303H,4230135870,7/26/2025,252.24,,157.51,0,586.68,127,998,2918.135287
1.00E+14,1.00E+14,AFTERMATH EAST A UNIT 303H,4230135870,7/25/2025,258.58,,110.05,109.08,547.89,123,989,2854.202319
1.00E+14,1.00E+14,AFTERMATH EAST A UNIT 303H,4230135870,7/24/2025,193.24,,103.79,102.77,507.22,119,964,2729.305833
1.00E+14,1.00E+14,AFTERMATH EAST A UNIT 303H,4230135870,7/23/2025,209.44,,157.05,155.39,590.1,126,1016,2385.1675
1.00E+14,1.00E+14,AFTERMATH EAST A UNIT 303H,4230135870,7/22/2025,233.25,,247.7,245.52,604.97,169,1045,2070.537917
1.00E+14,1.00E+14,AFTERMATH EAST A UNIT 303H,4230135870,7/21/2025,285.62,,236.62,234.65,603.43,202,1039,2073.235071
1.00E+14,1.00E+14,AFTERMATH EAST A UNIT 303H,4230135870,7/20/2025,297.71,,224.53,222.71,628.33,141,1044,2086.576718
1.00E+14,1.00E+14,AFTERMATH EAST A UNIT 303H,4230135870,7/19/2025,264.68,,230.17,228.36,602.68,161,1049,2080.738787
1.00E+14,1.00E+14,AFTERMATH EAST A UNIT 303H,4230135870,7/18/2025,260.41,,261.39,259.46,655.44,157,1049,2109.430016
1.00E+14,1.00E+14,AFTERMATH EAST A UNIT 303H,4230135870,7/17/2025,266.53,,280.86,278.83,645.57,182,1053,2118.251109
1.00E+14,1.00E+14,AFTERMATH EAST A UNIT 303H,4230135870,7/16/2025,352.41,,250.67,248.89,882.88,185,1069,2198.420128
1.00E+14,1.00E+14,AFTERMATH EAST A UNIT 303H,4230135870,7/15/2025,720.19,,247.38,245.63,889.43,133,1093,2319.658965
1.00E+14,1.00E+14,AFTERMATH EAST A UNIT 303H,4230135870,7/14/2025,-39.54,,225.03,223.39,834.4,163,1041,2362.376667
1.00E+14,1.00E+14,AFTERMATH EAST A UNIT 303H,4230135870,7/13/2025,315.22,,223.15,221.46,747.87,175,1062,2330.7025
1.00E+14,1.00E+14,AFTERMATH EAST A UNIT 303H,4230135870,7/12/2025,341.29,,214.92,213.3,808.77,120,948,2401.495833
1.00E+14,1.00E+14,AFTERMATH EAST A UNIT 303H,4230135870,7/11/2025,313.49,,254.79,252.9,746.13,221,1061,2238.859566
1.00E+14,1.00E+14,AFTERMATH EAST A UNIT 303H,4230135870,7/10/2025,332.1,,232.68,230.98,786.67,156,1054,2314.203057
1.00E+14,1.00E+14,AFTERMATH EAST A UNIT 303H,4230135870,7/9/2025,336.83,,206.56,205.01,804.46,192,1013,2322.161005
1.00E+14,1.00E+14,AFTERMATH EAST A UNIT 303H,4230135870,7/8/2025,334.8,,217.96,216.34,806.69,165,1066,2282.314851
1.00E+14,1.00E+14,AFTERMATH EAST A UNIT 303H,4230135870,7/7/2025,366.04,,219.17,217.56,764.37,140,1083,2353.206729
1.00E+14,1.00E+14,AFTERMATH EAST A UNIT 303H,4230135870,7/6/2025,385.51,,168.55,167.29,845.21,251,1099,2431.601704
1.00E+14,1.00E+14,AFTERMATH EAST A UNIT 303H,4230135870,7/5/2025,300.48,,137.81,136.78,701.53,134,1139,2643.825417
1.00E+14,1.00E+14,AFTERMATH EAST A UNIT 303H,4230135870,7/4/2025,333.5,,114.48,113.6,727.18,187,1110,2884.701654
1.00E+14,1.00E+14,AFTERMATH EAST A UNIT 303H,4230135870,7/3/2025,179.89,,37.96,37.49,595.86,126.98,909.01,2924.521806
1.00E+14,1.00E+14,AFTERMATH EAST A UNIT 303H,4230135870,7/2/2025,182.33,,105.12,104.11,652.42,133,1095,2678.526192
1.00E+14,1.00E+14,AFTERMATH EAST A UNIT 303H,4230135870,7/1/2025,157.18,,44.22,43.65,462.29,122,1113,2467.0604
1.00E+14,1.00E+14,AFTERMATH EAST A UNIT 303H,4230135870,6/30/2025,255.2,,89.54,88.86,787.1,190,1099,2785.92
1.00E+14,1.00E+14,AFTERMATH EAST A UNIT 303H,4230135870,6/29/2025,196.39,,-8.95,0,682.61,118,1033,2745.986599
1.00E+14,1.00E+14,AFTERMATH EAST A UNIT 303H,4230135870,6/28/2025,222.44,,40.82,40.46,762.92,156,1081,2452.943061
1.00E+14,1.00E+14,AFTERMATH EAST A UNIT 303H,4230135870,6/27/2025,218.68,,39.71,39.35,751.88,115,1018,2737.216531
1.00E+14,1.00E+14,AFTERMATH EAST A UNIT 303H,4230135870,6/26/2025,179.11,,30.15,29.85,672.25,180,1023,2547.749455
1.00E+14,1.00E+14,AFTERMATH EAST A UNIT 303H,4230135870,6/25/2025,186.15,,94.52,93.65,695.01,201,1108,2407.532985
1.00E+14,1.00E+14,AFTERMATH EAST A UNIT 303H,4230135870,6/24/2025,233.55,,111.81,110.95,814,140,1107,2395.070819
1.00E+14,1.00E+14,AFTERMATH EAST A UNIT 303H,4230135870,6/23/2025,221.72,,112.44,111.57,796.42,143,1087,2358.8785
1.00E+14,1.00E+14,AFTERMATH EAST A UNIT 303H,4230135870,6/22/2025,215.9,,120.64,119.74,824.76,197,1047,2328.355537
1.00E+14,1.00E+14,AFTERMATH EAST A UNIT 303H,4230135870,6/21/2025,248.81,,119.13,118.24,866.81,136,1123,2457.931111
1.00E+14,1.00E+14,AFTERMATH EAST A UNIT 303H,4230135870,6/20/2025,212.87,,111.29,110.45,888.66,244,1083,2524.162478
1.00E+14,1.00E+14,AFTERMATH EAST A UNIT 303H,4230135870,6/19/2025,202.34,,87.94,87.26,956.31,206,1058,2414.439167
1.00E+14,1.00E+14,AFTERMATH EAST A UNIT 303H,4230135870,6/18/2025,257.34,,82.41,81.76,930.93,175,1107,2512.527413
1.00E+14,1.00E+14,AFTERMATH EAST A UNIT 303H,4230135870,6/17/2025,230.36,,52.62,52.17,860.3,115,1121,2728.278505
1.00E+14,1.00E+14,AFTERMATH EAST A UNIT 303H,4230135870,6/16/2025,221.74,,77.46,76.82,939.14,209,1096,2701.003795
1.00E+14,1.00E+14,AFTERMATH EAST A UNIT 303H,4230135870,6/15/2025,218.45,,34.43,34.01,750.38,132,1109,2944.374583
1.00E+14,1.00E+14,AFTERMATH EAST A UNIT 303H,4230135870,6/14/2025,278.85,,12.18,12.05,1099.79,123,959,2882.329583
1.00E+14,1.00E+14,AFTERMATH EAST A UNIT 303H,4230135870,6/13/2025,260.98,,67.99,67.23,1014.79,555,1034,2499.699583
1.00E+14,1.00E+14,AFTERMATH EAST A UNIT 303H,4230135870,6/12/2025,271.57,,123.6,122.33,971.84,152,1075,2606.606752
1.00E+14,1.00E+14,AFTERMATH EAST A UNIT 303H,4230135870,6/11/2025,265.41,,83.49,82.63,836.28,137,1062,2771.070694
1.00E+14,1.00E+14,AFTERMATH EAST A UNIT 303H,4230135870,6/10/2025,302.01,,25.28,25.03,1056.58,135.88,1001.06,2849.068333
1.00E+14,1.00E+14,AFTERMATH EAST A UNIT 303H,4230135870,6/9/2025,226.21,,63.36,62.61,572.83,233,1102,2479.356667
1.00E+14,1.00E+14,AFTERMATH EAST A UNIT 303H,4230135870,6/8/2025,279.61,,88.52,87.65,698.78,189,1098,2558.187741
1.00E+14,1.00E+14,AFTERMATH EAST A UNIT 303H,4230135870,6/7/2025,295.46,,84.88,84.01,818.57,207,1052,2353.217083
1.00E+14,1.00E+14,AFTERMATH EAST A UNIT 303H,4230135870,6/6/2025,720.1,,108.11,107.09,806.63,155,1102,2402.394313
1.00E+14,1.00E+14,AFTERMATH EAST A UNIT 303H,4230135870,6/5/2025,338.7,,124.68,123.49,813.68,190,1082,2463.258176
1.00E+14,1.00E+14,AFTERMATH EAST A UNIT 303H,4230135870,6/4/2025,164.91,,42.18,41.28,475.78,1013,994,2620.098907
1.00E+14,1.00E+14,AFTERMATH EAST A UNIT 303H,4230135870,6/3/2025,254.02,,109.68,108.45,591.53,214,1057,2363.92125
1.00E+14,1.00E+14,AFTERMATH EAST A UNIT 303H,4230135870,6/2/2025,-114.15,,104.28,103.07,615.2,133,1114,2546.53375
1.00E+14,1.00E+14,AFTERMATH EAST A UNIT 303H,4230135870,6/1/2025,284.3,,98.87,97.93,719.91,163,1046,2515.929583
1.00E+14,1.00E+14,AFTERMATH EAST A UNIT 303H,4230135870,5/31/2025,305.95,,133.89,132.64,780.29,144,1067,2479.441586
1.00E+14,1.00E+14,AFTERMATH EAST A UNIT 303H,4230135870,5/30/2025,316.13,,140.54,139.19,791.3,153,1050,2440.91875
1.00E+14,1.00E+14,AFTERMATH EAST A UNIT 303H,4230135870,5/29/2025,296.25,,208.96,207.02,444.08,177,1114,2438.897275
1.00E+14,1.00E+14,AFTERMATH EAST A UNIT 303H,4230135870,5/28/2025,303.86,,195.86,194,449.51,136,1109,2477.527365
1.00E+14,1.00E+14,AFTERMATH EAST A UNIT 303H,4230135870,5/27/2025,303.15,,202.38,200.51,446.08,127,1110,2529.088968
1.00E+14,1.00E+14,AFTERMATH EAST A UNIT 303H,4230135870,5/26/2025,293.81,,203.58,201.76,464.48,176,1114,2633.055596
1.00E+14,1.00E+14,AFTERMATH EAST A UNIT 303H,4230135870,5/25/2025,323.7,,210.22,208.37,442.14,186,1117,2862.167917
1.00E+14,1.00E+14,AFTERMATH EAST A UNIT 303H,4230135870,5/24/2025,307.8,,148.93,147.45,403.68,132,1073,2985.181667
1.00E+14,1.00E+14,AFTERMATH EAST A UNIT 303H,4230135870,5/23/2025,358.44,,212.38,210.49,408.89,239,1072,2921.803921
1.00E+14,1.00E+14,AFTERMATH EAST A UNIT 303H,4230135870,5/22/2025,295.68,,198,196.27,406.28,142,1094,2823.280833
1.00E+14,1.00E+14,AFTERMATH EAST A UNIT 303H,4230135870,5/21/2025,317.8,,215.53,213.61,412.08,405,1071,2758.427917
1.00E+14,1.00E+14,AFTERMATH EAST A UNIT 303H,4230135870,5/20/2025,343.57,,170.1,168.64,419.86,205,1086,2788.290601
1.00E+14,1.00E+14,AFTERMATH EAST A UNIT 303H,4230135870,5/19/2025,282.76,,89.23,88.37,429.43,457,1156,2993.106779
1.00E+14,1.00E+14,AFTERMATH EAST A UNIT 303H,4230135870,5/18/2025,276.5,,64.97,64.33,410,620,1168,3346.512317
1.00E+14,1.00E+14,AFTERMATH EAST A UNIT 303H,4230135870,5/17/2025,198.11,,24.48,24.22,434.18,508,1152,3546.954249
1.00E+14,1.00E+14,AFTERMATH EAST A UNIT 303H,4230135870,5/16/2025,186.21,,38.5,38.06,427.56,1165,1163,3770.984014
1.00E+14,1.00E+14,AFTERMATH EAST A UNIT 303H,4230135870,5/15/2025,611.97,,-9.64,0,1385.65,115,1016,3785.232427
1.00E+14,1.00E+14,AFTERMATH EAST A UNIT 303H,4230135870,5/14/2025,36.17,,-508.46,0,115.04,274.02,840.36,3805.717
1.00E+14,1.00E+14,AFTERMATH EAST A UNIT 303H,4230135870,5/13/2025,0,,0,0,0,452,838,3748.577917
1.00E+14,1.00E+14,AFTERMATH EAST A UNIT 303H,4230135870,5/12/2025,123.17,,88.15,87.04,351.23,126,1037,3708.36875
1.00E+14,1.00E+14,AFTERMATH EAST A UNIT 303H,4230135870,5/11/2025,214.65,,182.82,180.85,376.82,357,1068,3646.107886
1.00E+14,1.00E+14,AFTERMATH EAST A UNIT 303H,4230135870,5/10/2025,154.33,,298.69,294.53,337.04,1159,1144,3622.779378
1.00E+14,1.00E+14,AFTERMATH EAST A UNIT 303H,4230135870,5/9/2025,99.51,,108.74,106.98,255.59,1193.11,1166.24,3598.810417
1.00E+14,1.00E+14,AFTERMATH EAST A UNIT 303H,4230135870,5/8/2025,194.29,,10.68,10.56,379.68,489,1101,3519.81125
1.00E+14,1.00E+14,AFTERMATH EAST A UNIT 303H,4230135870,5/7/2025,186.54,,4.22,4.18,432.43,447,1070,3459.887083
1.00E+14,1.00E+14,AFTERMATH EAST A UNIT 303H,4230135870,5/6/2025,162.29,,-44.88,0,387.28,222.89,1023.73,3447.243953
1.00E+14,1.00E+14,AFTERMATH EAST A UNIT 303H,4230135870,5/5/2025,177.59,,214.21,211.89,421.24,650,1037,3368.112549
1.00E+14,1.00E+14,AFTERMATH EAST A UNIT 303H,4230135870,5/4/2025,187.7,,146.43,144.25,418.86,438,1117,3242.7225
1.00E+14,1.00E+14,AFTERMATH EAST A UNIT 303H,4230135870,5/3/2025,193.08,,167.82,166.08,431.73,451,1085,3320.061732
1.00E+14,1.00E+14,AFTERMATH EAST A UNIT 303H,4230135870,5/2/2025,183.63,,163.17,161.32,416.37,160,1071,3307.43125
1.00E+14,1.00E+14,AFTERMATH EAST A UNIT 303H,4230135870,5/1/2025,176.49,,172.87,170.79,426.64,572,1036,3275.8475
1.00E+14,1.00E+14,AFTERMATH EAST A UNIT 303H,4230135870,4/30/2025,140.7,,180.92,176.69,431.52,443,1109,3146.041256
1.00E+14,1.00E+14,AFTERMATH EAST A UNIT 303H,4230135870,4/29/2025,175.96,,101.5,100.24,442.75,526,1044,3276.234772
1.00E+14,1.00E+14,AFTERMATH EAST A UNIT 303H,4230135870,4/28/2025,179.52,,154.48,152.58,435.92,409,1035,3271.84625
1.00E+14,1.00E+14,AFTERMATH EAST A UNIT 303H,4230135870,4/27/2025,184.13,,103.33,102.13,430.75,419,1027,3228.441667
1.00E+14,1.00E+14,AFTERMATH EAST A UNIT 303H,4230135870,4/26/2025,176.39,,130.88,124.89,415.87,421,1021,3176.219583
1.00E+14,1.00E+14,AFTERMATH EAST A UNIT 303H,4230135870,4/25/2025,208.22,,109.99,108.77,523.5,365,1021,3114.807917
1.00E+14,1.00E+14,AFTERMATH EAST A UNIT 303H,4230135870,4/24/2025,169.06,,98.17,96.74,479.37,609,1043,3028.4525
1.00E+14,1.00E+14,AFTERMATH EAST A UNIT 303H,4230135870,4/23/2025,175.65,,184.18,146.3,408.29,136,1047,2839.487917
1.00E+14,1.00E+14,AFTERMATH EAST A UNIT 303H,4230135870,4/22/2025,183.99,,338.96,334.57,401.96,185,1058,2683.09118
1.00E+14,1.00E+14,AFTERMATH EAST A UNIT 303H,4230135870,4/21/2025,143.85,,155.63,153.51,341.25,640,1009,2836.95125
1.00E+14,1.00E+14,AFTERMATH EAST A UNIT 303H,4230135870,4/20/2025,153.96,,243.42,240.3,382.82,144,1058,2735.566667
1.00E+14,1.00E+14,AFTERMATH EAST A UNIT 303H,4230135870,4/19/2025,135.57,,245.13,241.92,344.94,151,1063,2582.297224
1.00E+14,1.00E+14,AFTERMATH EAST A UNIT 303H,4230135870,4/18/2025,147.58,,201.83,199.28,367.06,123,1075,2676.924583
1.00E+14,1.00E+14,AFTERMATH EAST A UNIT 303H,4230135870,4/17/2025,134.79,,190.42,187.82,329.33,126,1082,2607.083333
1.00E+14,1.00E+14,AFTERMATH EAST A UNIT 303H,4230135870,4/16/2025,134.35,,220.7,218,326.76,179,1092,2553.480335
1.00E+14,1.00E+14,AFTERMATH EAST A UNIT 303H,4230135870,4/15/2025,187.54,,105.11,103.64,418.92,140,1020,2514.97
1.00E+14,1.00E+14,AFTERMATH EAST A UNIT 303H,4230135870,4/14/2025,185.56,,148.9,146.95,424.08,124,1089,2452.77
1.00E+14,1.00E+14,AFTERMATH EAST A UNIT 303H,4230135870,4/13/2025,198.45,,167.77,165.74,446.87,128,1044,2619.698968
1.00E+14,1.00E+14,AFTERMATH EAST A UNIT 303H,4230135870,4/12/2025,162.7,,59.36,58.54,354.25,122,1050,2670.98405
1.00E+14,1.00E+14,AFTERMATH EAST A UNIT 303H,4230135870,4/11/2025,171.47,,75.72,74.75,401.32,144,1044,2554.435417
1.00E+14,1.00E+14,AFTERMATH EAST A UNIT 303H,4230135870,4/10/2025,155.18,,78.48,77.31,341.07,184,1086,2577.105982
1.00E+14,1.00E+14,AFTERMATH EAST A UNIT 303H,4230135870,4/9/2025,110.6,,-8.59,0,375.68,431.16,946.79,2742.240833
1.00E+14,1.00E+14,AFTERMATH EAST A UNIT 303H,4230135870,4/8/2025,110.1,,21.93,21.23,367.09,119,998,2508.945833
1.00E+14,1.00E+14,AFTERMATH EAST A UNIT 303H,4230135870,4/7/2025,157.32,,58.47,57.31,420.13,134,1025,2157.20875
1.00E+14,1.00E+14,AFTERMATH EAST A UNIT 303H,4230135870,4/6/2025,133.41,,104.55,102.97,380.24,170,1025,2095.404583
1.00E+14,1.00E+14,AFTERMATH EAST A UNIT 303H,4230135870,4/5/2025,134.89,,102.47,100.98,384.28,160,1031,2084.997192
1.00E+14,1.00E+14,AFTERMATH EAST A UNIT 303H,4230135870,4/4/2025,123.68,,107.07,105.54,366.95,134,1034,2107.428637
1.00E+14,1.00E+14,AFTERMATH EAST A UNIT 303H,4230135870,4/3/2025,153.72,,109.45,108.06,427.1,151,1031,2116.21
1.00E+14,1.00E+14,AFTERMATH EAST A UNIT 303H,4230135870,4/2/2025,178.16,,114.67,113.37,467.32,200,1041,2135.318011
1.00E+14,1.00E+14,AFTERMATH EAST A UNIT 303H,4230135870,4/1/2025,176.23,,98.87,97.71,459.68,152,1040,2158.895833
1.00E+14,1.00E+14,AFTERMATH EAST A UNIT 303H,4230135870,3/31/2025,183.01,,96.24,95.1,455.76,199,1040,2143.764583
1.00E+14,1.00E+14,AFTERMATH EAST A UNIT 303H,4230135870,3/30/2025,195.41,,94.77,93.65,503.48,146,1039,2142.21592
1.00E+14,1.00E+14,AFTERMATH EAST A UNIT 303H,4230135870,3/29/2025,196.57,,104.55,103.34,513.72,188,1080,2172.919094
1.00E+14,1.00E+14,AFTERMATH EAST A UNIT 303H,4230135870,3/28/2025,176.36,,97.42,96.27,501.84,175,1045,2180.302408
1.00E+14,1.00E+14,AFTERMATH EAST A UNIT 303H,4230135870,3/27/2025,120.96,,95.6,94.47,504.99,139,1049,2202.688172
1.00E+14,1.00E+14,AFTERMATH EAST A UNIT 303H,4230135870,3/26/2025,224.28,,148.25,146.57,604.89,174,1072,2260.984706
1.00E+14,1.00E+14,AFTERMATH EAST A UNIT 303H,4230135870,3/25/2025,276.86,,148.3,146.56,0,157,1035,2242.22125
1.00E+14,1.00E+14,AFTERMATH EAST A UNIT 303H,4230135870,3/24/2025,271.73,,181.06,178.88,599.27,183,1031,2201.587083
1.00E+14,1.00E+14,AFTERMATH EAST A UNIT 303H,4230135870,3/23/2025,278.97,,177.19,175.19,603.77,161,1032,2200.757505
1.00E+14,1.00E+14,AFTERMATH EAST A UNIT 303H,4230135870,3/22/2025,291.89,,165.99,164.23,669.24,194,1030,2200.385833
1.00E+14,1.00E+14,AFTERMATH EAST A UNIT 303H,4230135870,3/21/2025,323.31,,177.61,175.87,717.34,138,1035,2209.260591
1.00E+14,1.00E+14,AFTERMATH EAST A UNIT 303H,4230135870,3/20/2025,349.58,,184.02,182.33,741.65,136,1047,2225.572361
1.00E+14,1.00E+14,AFTERMATH EAST A UNIT 303H,4230135870,3/19/2025,503.88,,195.87,194.24,906,170,1052,2254.765237
1.00E+14,1.00E+14,AFTERMATH EAST A UNIT 303H,4230135870,3/18/2025,547.32,,354.2,351.09,1035.36,156,1043,2356.247334
1.00E+14,1.00E+14,AFTERMATH EAST A UNIT 303H,4230135870,3/17/2025,296.73,,244.5,241.04,596.4,541,1010,2746.571743
1.00E+14,1.00E+14,AFTERMATH EAST A UNIT 303H,4230135870,3/16/2025,0,,0,0,0,539,1008,2734.500725
1.00E+14,1.00E+14,AFTERMATH EAST A UNIT 303H,4230135870,3/15/2025,230.41,,7.65,7.49,639.2,280.9,980.07,2558.817976
1.00E+14,1.00E+14,AFTERMATH EAST A UNIT 303H,4230135870,3/14/2025,185.66,,281.78,275.82,358.72,128,1032,2204.5625
1.00E+14,1.00E+14,AFTERMATH EAST A UNIT 303H,4230135870,3/13/2025,302.1,,362.28,357.44,650.24,139,1025,2176.13875
1.00E+14,1.00E+14,AFTERMATH EAST A UNIT 303H,4230135870,3/12/2025,305.9,,290.32,282.39,632.62,163,1039,2143.967917
1.00E+14,1.00E+14,AFTERMATH EAST A UNIT 303H,4230135870,3/11/2025,273.32,,291.67,287.28,585.36,127,1020,2166.524778
1.00E+14,1.00E+14,AFTERMATH EAST A UNIT 303H,4230135870,3/10/2025,245.44,,263.33,259.3,532.08,147,1027,2125.129167
1.00E+14,1.00E+14,AFTERMATH EAST A UNIT 303H,4230135870,3/9/2025,272.29,,291.03,286.71,596.39,140,1028,2092.167826
1.00E+14,1.00E+14,AFTERMATH EAST A UNIT 303H,4230135870,3/8/2025,261.08,,286.82,282.39,562.34,133,1024,2089.857791
1.00E+14,1.00E+14,AFTERMATH EAST A UNIT 303H,4230135870,3/7/2025,273.52,,259.16,255.31,596.06,131,1023,2093.665762
1.00E+14,1.00E+14,AFTERMATH EAST A UNIT 303H,4230135870,3/6/2025,327.89,,238.14,234.7,605.1,121,1002,2307.932368
1.00E+14,1.00E+14,AFTERMATH EAST A UNIT 303H,4230135870,3/5/2025,220.39,,74.84,73.42,542.1,120,953,2211.192083
1.00E+14,1.00E+14,AFTERMATH EAST A UNIT 303H,4230135870,3/4/2025,236.88,,310.81,306,538.98,176,1030,1937.25875
1.00E+14,1.00E+14,AFTERMATH EAST A UNIT 303H,4230135870,3/3/2025,302.58,,418.06,412.73,709.19,143,1035,1894.650891
1.00E+14,1.00E+14,AFTERMATH EAST A UNIT 303H,4230135870,3/2/2025,348.07,,361.76,356.91,621.19,148,1028,1956.747983
1.00E+14,1.00E+14,AFTERMATH EAST A UNIT 303H,4230135870,3/1/2025,306.06,,409.95,404.43,643.1,160.72,1026.74,1941.253333
1.00E+14,1.00E+14,AFTERMATH EAST A UNIT 303H,4230135870,2/28/2025,287.07,,591.32,583.26,606.84,131,1028,1924.87125
1.00E+14,1.00E+14,AFTERMATH EAST A UNIT 303H,4230135870,2/27/2025,274.48,,426.23,420.49,561.29,152,1028,1891.808333
1.00E+14,1.00E+14,AFTERMATH EAST A UNIT 303H,4230135870,2/26/2025,295.2,,369.85,364.9,658.69,171,1032,1897.245833
1.00E+14,1.00E+14,AFTERMATH EAST A UNIT 303H,4230135870,2/25/2025,310.17,,502.96,496.63,658.77,163,1029,1880.787199
1.00E+14,1.00E+14,AFTERMATH EAST A UNIT 303H,4230135870,2/24/2025,341.58,,464.42,458.56,662.29,159,1026,1978.244574
1.00E+14,1.00E+14,AFTERMATH EAST A UNIT 303H,4230135870,2/23/2025,298.62,,464.16,458.04,635.45,171,1026,1969.329727
1.00E+14,1.00E+14,AFTERMATH EAST A UNIT 303H,4230135870,2/22/2025,274.19,,352.36,347.56,569.04,186,1034,2069.071049
1.00E+14,1.00E+14,AFTERMATH EAST A UNIT 303H,4230135870,2/21/2025,243.24,,291.91,287.52,542.08,126,1018,2145.287486
1.00E+14,1.00E+14,AFTERMATH EAST A UNIT 303H,4230135870,2/20/2025,288.33,,333.67,328.63,613.19,171,1032,2113.619818
1.00E+14,1.00E+14,AFTERMATH EAST A UNIT 303H,4230135870,2/19/2025,279.68,,184.68,180.08,620.76,182,1031,2116.517381
1.00E+14,1.00E+14,AFTERMATH EAST A UNIT 303H,4230135870,2/18/2025,320.84,,332.94,326.66,598.28,157,1038,2132.195249
1.00E+14,1.00E+14,AFTERMATH EAST A UNIT 303H,4230135870,2/17/2025,244.81,,372.78,366.19,428.6,196,1038,2136.744583
1.00E+14,1.00E+14,AFTERMATH EAST A UNIT 303H,4230135870,2/16/2025,242.16,,348.23,342.32,421.95,210,1040,2145.783763
1.00E+14,1.00E+14,AFTERMATH EAST A UNIT 303H,4230135870,2/15/2025,275.54,,350.36,344.7,549.3,158,1070,2163.441566
1.00E+14,1.00E+14,AFTERMATH EAST A UNIT 303H,4230135870,2/14/2025,256.43,,334.17,328.82,536.32,176,1034,2177.923747
1.00E+14,1.00E+14,AFTERMATH EAST A UNIT 303H,4230135870,2/13/2025,249.5,,322.83,317.64,497,230,1036,2171.06875
1.00E+14,1.00E+14,AFTERMATH EAST A UNIT 303H,4230135870,2/12/2025,165.81,,150.67,148.59,399.83,218,1041,2200.513157
1.00E+14,1.00E+14,AFTERMATH EAST A UNIT 303H,4230135870,2/11/2025,223.26,,126.52,125.22,488.61,219,1041,2221.924167
1.00E+14,1.00E+14,AFTERMATH EAST A UNIT 303H,4230135870,2/10/2025,246.6,,121.17,120.12,489.82,189,1050,2232.124793
1.00E+14,1.00E+14,AFTERMATH EAST A UNIT 303H,4230135870,2/9/2025,180.35,,119.5,118.06,478.89,154,1036,2226.137733
1.00E+14,1.00E+14,AFTERMATH EAST A UNIT 303H,4230135870,2/8/2025,174.33,,140.67,138.98,419.99,168,1061,2284.233395
1.00E+14,1.00E+14,AFTERMATH EAST A UNIT 303H,4230135870,2/7/2025,181.77,,133.41,131.92,420.06,165,1080,2516.916176
1.00E+14,1.00E+14,AFTERMATH EAST A UNIT 303H,4230135870,2/6/2025,174.31,,60.66,59.74,447.25,158,1000,2475.867381
1.00E+14,1.00E+14,AFTERMATH EAST A UNIT 303H,4230135870,2/5/2025,177.65,,105.04,103.67,344.81,267,1069,2343.132
1.00E+14,1.00E+14,AFTERMATH EAST A UNIT 303H,4230135870,2/4/2025,167.02,,108.36,107.01,432.41,276,1070,2335.215403
1.00E+14,1.00E+14,AFTERMATH EAST A UNIT 303H,4230135870,2/3/2025,234.81,,115.81,114.92,552.24,231,1054,2451.512254
1.00E+14,1.00E+14,AFTERMATH EAST A UNIT 303H,4230135870,2/2/2025,265.09,,51.31,50.83,559.02,234.68,1020.81,2318.999344
1.00E+14,1.00E+14,AFTERMATH EAST A UNIT 303H,4230135870,2/1/2025,266.44,,382.38,379.7,563.38,247,1037,2103.653687
1.00E+14,1.00E+14,AFTERMATH EAST A UNIT 303H,4230135870,1/31/2025,245.47,,173.24,171.8,557,160,1038,2115.714416
1.00E+14,1.00E+14,AFTERMATH EAST A UNIT 303H,4230135870,1/30/2025,228.03,,186.55,184.98,545.02,330,1099,2108.310311
1.00E+14,1.00E+14,AFTERMATH EAST A UNIT 303H,4230135870,1/29/2025,230.61,,214.04,212.13,529.28,157.41,1036.42,2117.849613
1.00E+14,1.00E+14,AFTERMATH EAST A UNIT 303H,4230135870,1/28/2025,189.11,,340.41,337.49,544.95,152,1038,2112.445962
1.00E+14,1.00E+14,AFTERMATH EAST A UNIT 303H,4230135870,1/27/2025,235.32,,184.99,183.41,433.64,151,1039,2102.232438
1.00E+14,1.00E+14,AFTERMATH EAST A UNIT 303H,4230135870,1/26/2025,238.57,,232.9,230.97,528.06,164.99,1033.81,2095.946863
1.00E+14,1.00E+14,AFTERMATH EAST A UNIT 303H,4230135870,1/25/2025,281.03,,206.44,204.77,468.04,186,1027,2061.872845
1.00E+14,1.00E+14,AFTERMATH EAST A UNIT 303H,4230135870,1/24/2025,303.28,,255.91,254.11,574.35,166,1030,2034.696591
1.00E+14,1.00E+14,AFTERMATH EAST A UNIT 303H,4230135870,1/23/2025,269.4,,291.19,288.28,781.79,161,1040,2053.62426
1.00E+14,1.00E+14,AFTERMATH EAST A UNIT 303H,4230135870,1/22/2025,226.32,,237.27,235,505.67,167,1039,2107.57333
1.00E+14,1.00E+14,AFTERMATH EAST A UNIT 303H,4230135870,1/21/2025,273.26,,307.52,304.88,502.76,187,1042,2124.968249
1.00E+14,1.00E+14,AFTERMATH EAST A UNIT 303H,4230135870,1/20/2025,224.91,,286.24,283.54,452.76,157.72,1038.38,2134.234507
1.00E+14,1.00E+14,AFTERMATH EAST A UNIT 303H,4230135870,1/19/2025,205.55,,277.08,274.46,440.55,161.91,1041.24,2123.954483
1.00E+14,1.00E+14,AFTERMATH EAST A UNIT 303H,4230135870,1/18/2025,219.6,,507.39,502.59,456.43,207,1040,2132.75916
1.00E+14,1.00E+14,AFTERMATH EAST A UNIT 303H,4230135870,1/17/2025,243.81,,268.64,266.17,487,161.22,1040.56,2130.792315
1.00E+14,1.00E+14,AFTERMATH EAST A UNIT 303H,4230135870,1/16/2025,250.64,,493.75,489.22,498.64,135,1042,2125.973979
1.00E+14,1.00E+14,AFTERMATH EAST A UNIT 303H,4230135870,1/15/2025,0,,0,0,0,176,1042,2133.379192
1.00E+14,1.00E+14,AFTERMATH EAST A UNIT 303H,4230135870,1/14/2025,283,,290.86,288.27,568.92,179,1044,2134.355361
1.00E+14,1.00E+14,AFTERMATH EAST A UNIT 303H,4230135870,1/13/2025,270.23,,288.92,286.33,533.36,180,1042,2133.548729
1.00E+14,1.00E+14,AFTERMATH EAST A UNIT 303H,4230135870,1/12/2025,229.95,,280.98,278.44,471.1,170,1043,2132.969188
1.00E+14,1.00E+14,AFTERMATH EAST A UNIT 303H,4230135870,1/11/2025,275.15,,262.82,260.62,554.16,147,1043,2115.857146
1.00E+14,1.00E+14,AFTERMATH EAST A UNIT 303H,4230135870,1/10/2025,286.39,,309.7,307.14,572.38,146,1042,2101.504091
1.00E+14,1.00E+14,AFTERMATH EAST A UNIT 303H,4230135870,1/9/2025,299.31,,334.31,331.86,610.8,174,1034,2088.077479
1.00E+14,1.00E+14,AFTERMATH EAST A UNIT 303H,4230135870,1/8/2025,308.21,,341.04,338.52,641.21,140,1035,2054.946301
1.00E+14,1.00E+14,AFTERMATH EAST A UNIT 303H,4230135870,1/7/2025,314.19,,351.88,349.21,653.93,172,1037,2009.623042
1.00E+14,1.00E+14,AFTERMATH EAST A UNIT 303H,4230135870,1/6/2025,334.95,,385.24,382.48,624.34,170,1025,1975.079684
1.00E+14,1.00E+14,AFTERMATH EAST A UNIT 303H,4230135870,1/5/2025,335.87,,423.86,421.14,679.16,195,1039,2046.11342
1.00E+14,1.00E+14,AFTERMATH EAST A UNIT 303H,4230135870,1/4/2025,283.04,,316.51,313.93,562.26,136,1046,2083.152399
1.00E+14,1.00E+14,AFTERMATH EAST A UNIT 303H,4230135870,1/3/2025,247.5,,269.71,267.44,518.09,169,1046,2119.884042
1.00E+14,1.00E+14,AFTERMATH EAST A UNIT 303H,4230135870,1/2/2025,250.36,,252.16,250.03,521.52,150,1044,2125.407757
1.00E+14,1.00E+14,AFTERMATH EAST A UNIT 303H,4230135870,1/1/2025,290.29,,316.21,314,640.51,206,1051,2149.98546
1.00E+14,1.00E+14,AFTERMATH EAST A UNIT 303H,4230135870,12/31/2024,277.81,,304.93,302.77,668.5,167,1044,2171.442616
1.00E+14,1.00E+14,AFTERMATH EAST A UNIT 303H,4230135870,12/30/2024,307.76,,328.16,325.63,651.54,184,1043,2202.742296
1.00E+14,1.00E+14,AFTERMATH EAST A UNIT 303H,4230135870,12/29/2024,322.75,,334.86,332.59,689.55,131,1046,2295.839958
1.00E+14,1.00E+14,AFTERMATH EAST A UNIT 303H,4230135870,12/28/2024,297.74,,315.15,312.69,617.38,176,1036,2096.13784
1.00E+14,1.00E+14,AFTERMATH EAST A UNIT 303H,4230135870,12/27/2024,241.56,,263.45,261.14,490.53,167,1035,2087.748824
1.00E+14,1.00E+14,AFTERMATH EAST A UNIT 303H,4230135870,12/26/2024,316.95,,393.1,390.57,662.35,166,1044,2022.699688
1.00E+14,1.00E+14,AFTERMATH EAST A UNIT 303H,4230135870,12/25/2024,326.63,,408.75,406.16,687.18,176,1034,2000.461295
1.00E+14,1.00E+14,AFTERMATH EAST A UNIT 303H,4230135870,12/24/2024,329.64,,455.85,453.02,706.73,164,1046,2032.8057
1.00E+14,1.00E+14,AFTERMATH EAST A UNIT 303H,4230135870,12/23/2024,258.91,,382.08,379.39,569.01,169,1040,2046.305603
1.00E+14,1.00E+14,AFTERMATH EAST A UNIT 303H,4230135870,12/22/2024,334.05,,403.3,400.76,732.71,166,1052,2073.186403
1.00E+14,1.00E+14,AFTERMATH EAST A UNIT 303H,4230135870,12/21/2024,311.82,,324.71,322.53,658.42,194,1050,2148.106542
1.00E+14,1.00E+14,AFTERMATH EAST A UNIT 303H,4230135870,12/20/2024,302.68,,332.48,330.27,638.55,173,1050,2155.618264
1.00E+14,1.00E+14,AFTERMATH EAST A UNIT 303H,4230135870,12/19/2024,320.62,,317.28,315.06,696.57,161,1066,2146.158502
1.00E+14,1.00E+14,AFTERMATH EAST A UNIT 303H,4230135870,12/18/2024,304.37,,313.75,311.77,662.98,205,1061,2208.918568
1.00E+14,1.00E+14,AFTERMATH EAST A UNIT 303H,4230135870,12/17/2024,305.87,,297.17,295.27,699.39,203,1064,2262.221372
1.00E+14,1.00E+14,AFTERMATH EAST A UNIT 303H,4230135870,12/16/2024,307.66,,303.03,301.12,721.97,151,1060,2307.388794
1.00E+14,1.00E+14,AFTERMATH EAST A UNIT 303H,4230135870,12/15/2024,260.69,,264.3,262.5,670.9,132,1091,2372.033479
1.00E+14,1.00E+14,AFTERMATH EAST A UNIT 303H,4230135870,12/14/2024,346.07,,110.92,110.13,640.79,121,964,2552.980591
1.00E+14,1.00E+14,AFTERMATH EAST A UNIT 303H,4230135870,12/13/2024,182.31,,245.65,243.93,412.47,187,1059,2377.906257
1.00E+14,1.00E+14,AFTERMATH EAST A UNIT 303H,4230135870,12/12/2024,278.35,,290.58,288.77,595.06,143,1087,2391.926583
1.00E+14,1.00E+14,AFTERMATH EAST A UNIT 303H,4230135870,12/11/2024,373.62,,278.02,276.24,776.21,162,1084,2474.894674
1.00E+14,1.00E+14,AFTERMATH EAST A UNIT 303H,4230135870,12/10/2024,286.39,,292.17,290.35,618.18,200,1093,2577.548697
1.00E+14,1.00E+14,AFTERMATH EAST A UNIT 303H,4230135870,12/9/2024,252.99,,87.97,87.33,556.92,120,1073,2823.752976
1.00E+14,1.00E+14,AFTERMATH EAST A UNIT 303H,4230135870,12/8/2024,198.67,,183.67,178.33,475.9,150,1062,2374.291323
1.00E+14,1.00E+14,AFTERMATH EAST A UNIT 303H,4230135870,12/7/2024,290.16,,383.99,381.65,658.31,164,1060,2269.420857
1.00E+14,1.00E+14,AFTERMATH EAST A UNIT 303H,4230135870,12/6/2024,290.34,,403.92,401.46,667.11,202,1067.9,2297.155281
1.00E+14,1.00E+14,AFTERMATH EAST A UNIT 303H,4230135870,12/5/2024,292.9,,369.62,367.4,671.57,126,1083,2385.513446
1.00E+14,1.00E+14,AFTERMATH EAST A UNIT 303H,4230135870,12/4/2024,0,,0,0,0,163,1069,2415.619592
1.00E+14,1.00E+14,AFTERMATH EAST A UNIT 303H,4230135870,12/3/2024,259.32,,212.62,210.99,578.45,124,991,2509.657434
1.00E+14,1.00E+14,AFTERMATH EAST A UNIT 303H,4230135870,12/2/2024,296.8,,357.06,354.8,658.35,127,1077,2331.380146
1.00E+14,1.00E+14,AFTERMATH EAST A UNIT 303H,4230135870,12/1/2024,294.12,,354.44,352.2,666.65,131,1042,2353.136941
1.00E+14,1.00E+14,AFTERMATH EAST A UNIT 303H,4230135870,11/30/2024,291.9,,355.44,353.18,661.91,199,1063,2345.222456
1.00E+14,1.00E+14,AFTERMATH EAST A UNIT 303H,4230135870,11/29/2024,295.56,,347.1,344.88,672.84,163,1066,2376.863684
1.00E+14,1.00E+14,AFTERMATH EAST A UNIT 303H,4230135870,11/28/2024,304.02,,405.07,402.49,689.03,151,1086,2397.543328
1.00E+14,1.00E+14,AFTERMATH EAST A UNIT 303H,4230135870,11/27/2024,273.77,,348.86,346.66,673.83,160,1094,2474.938509
1.00E+14,1.00E+14,AFTERMATH EAST A UNIT 303H,4230135870,11/26/2024,348.27,,395.83,393.37,700.75,176,1108,2576.353798
1.00E+14,1.00E+14,AFTERMATH EAST A UNIT 303H,4230135870,11/25/2024,280.71,,155.15,154.03,627.91,1038,1014,2953.791606
1.00E+14,1.00E+14,AFTERMATH EAST A UNIT 303H,4230135870,11/24/2024,266.31,,245.24,226.23,601.58,158,1083,2619.660417
1.00E+14,1.00E+14,AFTERMATH EAST A UNIT 303H,4230135870,11/23/2024,318.51,,249.78,248.07,714.62,670,1037,2947.826667
1.00E+14,1.00E+14,AFTERMATH EAST A UNIT 303H,4230135870,11/22/2024,243.71,,97.11,96.3,564.56,304.01,919.32,2997.899583
1.00E+14,1.00E+14,AFTERMATH EAST A UNIT 303H,4230135870,11/21/2024,212.58,,74.08,73.35,515.44,185.13,932.62,2789.975
1.00E+14,1.00E+14,AFTERMATH EAST A UNIT 303H,4230135870,11/20/2024,265.03,,532.47,523.72,601.23,193,1059,2506.789167
1.00E+14,1.00E+14,AFTERMATH EAST A UNIT 303H,4230135870,11/19/2024,319.46,,322.95,320.89,718.13,176,1042,2415.894531
1.00E+14,1.00E+14,AFTERMATH EAST A UNIT 303H,4230135870,11/18/2024,329.32,,374.53,372.01,791.93,173,1082,2389.607083
1.00E+14,1.00E+14,AFTERMATH EAST A UNIT 303H,4230135870,11/17/2024,274.07,,354.79,0,674.05,170,1052,2260.247917
1.00E+14,1.00E+14,AFTERMATH EAST A UNIT 303H,4230135870,11/16/2024,283.39,,435.59,0,644.79,174,1053,2238.802917
1.00E+14,1.00E+14,AFTERMATH EAST A UNIT 303H,4230135870,11/15/2024,216.46,,342.42,0,524.31,165,1050,2230.605833
1.00E+14,1.00E+14,AFTERMATH EAST A UNIT 303H,4230135870,11/14/2024,261.39,,373.74,0,625.19,184,1050,2232.307806
1.00E+14,1.00E+14,AFTERMATH EAST A UNIT 303H,4230135870,11/13/2024,317.55,,509.14,0,752.84,185,1056,2225.14565
1.00E+14,1.00E+14,AFTERMATH EAST A UNIT 303H,4230135870,11/12/2024,359.98,,506.09,0,831.74,189,1055,2240.35
1.00E+14,1.00E+14,AFTERMATH EAST A UNIT 303H,4230135870,11/11/2024,322.46,,565.95,0,787.21,141,1058,2253.099844
1.00E+14,1.00E+14,AFTERMATH EAST A UNIT 303H,4230135870,11/10/2024,248.77,,418.26,0,679.83,145,1057,2265.963333
1.00E+14,1.00E+14,AFTERMATH EAST A UNIT 303H,4230135870,11/9/2024,379.03,,470.31,0,772.09,151,1065,2280.818333
1.00E+14,1.00E+14,AFTERMATH EAST A UNIT 303H,4230135870,11/8/2024,331.37,,425.52,0,823.14,145,1059,2283.385417
1.00E+14,1.00E+14,AFTERMATH EAST A UNIT 303H,4230135870,11/7/2024,437.89,,500.94,0,912.73,163,1062,2307.281076
1.00E+14,1.00E+14,AFTERMATH EAST A UNIT 303H,4230135870,11/6/2024,475.65,,483.32,0,957.75,145,1082,2470.958748
1.00E+14,1.00E+14,AFTERMATH EAST A UNIT 303H,4230135870,11/5/2024,338.32,,231.53,0,823.08,189,1057,2405.027917
1.00E+14,1.00E+14,AFTERMATH EAST A UNIT 303H,4230135870,11/4/2024,444.54,,519.6,0,998.4,154,1060,2240.528844
1.00E+14,1.00E+14,AFTERMATH EAST A UNIT 303H,4230135870,11/3/2024,410.91,,487.84,0,1030.67,176,1062,2259.944822
1.00E+14,1.00E+14,AFTERMATH EAST A UNIT 303H,4230135870,11/2/2024,436.19,,632.75,0,1093.25,169,1063,2280.525833
1.00E+14,1.00E+14,AFTERMATH EAST A UNIT 303H,4230135870,11/1/2024,416.9,,467.46,0,1116.18,178,1086,2318.924167
1.00E+14,1.00E+14,AFTERMATH EAST A UNIT 303H,4230135870,10/31/2024,290.66,,441.21,0,1311.23,165,1078,2439.881889
1.00E+14,1.00E+14,AFTERMATH EAST A UNIT 303H,4230135870,10/30/2024,565.51,,626.93,0,1726.93,134,1007,2377.661667
1.00E+14,1.00E+14,AFTERMATH EAST A UNIT 303H,4230135870,10/29/2024,420.93,,937.18,920.79,837.29,181,1064,2262.97125
1.00E+14,1.00E+14,AFTERMATH EAST A UNIT 303H,4230135870,10/28/2024,373.18,,797.04,781.86,823.69,159,1055,2316.896483
1.00E+14,1.00E+14,AFTERMATH EAST A UNIT 303H,4230135870,10/27/2024,435.23,,814.04,798,826.15,130,1037,2527.799938
1.00E+14,1.00E+14,AFTERMATH EAST A UNIT 303H,4230135870,10/26/2024,301.04,,655.82,639.71,677.96,148,1026,2230.88625
1.00E+14,1.00E+14,AFTERMATH EAST A UNIT 303H,4230135870,10/25/2024,582.58,,1681.39,1661.18,1161.66,210,1046,2011.143337
1.00E+14,1.00E+14,AFTERMATH EAST A UNIT 303H,4230135870,10/24/2024,669.59,,1639.89,1621.29,1205.95,198,1036,2008.210833
1.00E+14,1.00E+14,AFTERMATH EAST A UNIT 303H,4230135870,10/23/2024,413.03,,994.78,978.97,1045.36,183,1033,2054.927767
1.00E+14,1.00E+14,AFTERMATH EAST A UNIT 303H,4230135870,10/22/2024,404.39,,941.22,925.94,1063.92,220,1040,2098.954583
1.00E+14,1.00E+14,AFTERMATH EAST A UNIT 303H,4230135870,10/21/2024,396.41,,900.31,0,1032.73,171,1034,2153.042424
1.00E+14,1.00E+14,AFTERMATH EAST A UNIT 303H,4230135870,10/20/2024,382.78,,889.36,874.58,1061.07,215,1046,2196.18029
1.00E+14,1.00E+14,AFTERMATH EAST A UNIT 303H,4230135870,10/19/2024,381.3,,810.55,795.96,1053.93,184,1046,2243.972691
1.00E+14,1.00E+14,AFTERMATH EAST A UNIT 303H,4230135870,10/18/2024,359.97,,781.84,767.62,1071.05,150,1083,2311.619583
1.00E+14,1.00E+14,AFTERMATH EAST A UNIT 303H,4230135870,10/17/2024,358.58,,-138,0,1078.94,185,1097,2385.999411
1.00E+14,1.00E+14,AFTERMATH EAST A UNIT 303H,4230135870,10/16/2024,365.92,,628.33,615.8,1099.79,187,1028,2432.080366
1.00E+14,1.00E+14,AFTERMATH EAST A UNIT 303H,4230135870,10/15/2024,362.24,,477.34,468.48,1088.67,1035,1064.59,2470.691286
1.00E+14,1.00E+14,AFTERMATH EAST A UNIT 303H,4230135870,10/14/2024,471.91,,211.42,207.32,1127.14,125,1077,2357.8025
1.00E+14,1.00E+14,AFTERMATH EAST A UNIT 303H,4230135870,10/13/2024,554.02,,811.15,798.73,1119.46,134,1095,2387.545374
1.00E+14,1.00E+14,AFTERMATH EAST A UNIT 303H,4230135870,10/12/2024,527.92,,338.86,334.45,1202.17,123,1078,2775.033279
1.00E+14,1.00E+14,AFTERMATH EAST A UNIT 303H,4230135870,10/11/2024,536.76,,407.83,402.54,1239.2,123,1030,2941.379032
1.00E+14,1.00E+14,AFTERMATH EAST A UNIT 303H,4230135870,10/10/2024,429.89,,-21.71,0,1039.92,129.48,1002.64,2794.64
1.00E+14,1.00E+14,AFTERMATH EAST A UNIT 303H,4230135870,10/9/2024,280.32,,586.49,572.17,1041.23,142.07,1002.78,2399.8575
1.00E+14,1.00E+14,AFTERMATH EAST A UNIT 303H,4230135870,10/8/2024,490.84,,316.4,0,1067.19,153,1035,2209.86875
1.00E+14,1.00E+14,AFTERMATH EAST A UNIT 303H,4230135870,10/7/2024,524.18,,981.07,967.31,1265.68,205,1041,2232.091162
1.00E+14,1.00E+14,AFTERMATH EAST A UNIT 303H,4230135870,10/6/2024,343.14,,633.28,624.33,964.7,211,1055,2326.16901
1.00E+14,1.00E+14,AFTERMATH EAST A UNIT 303H,4230135870,10/5/2024,334.62,,199.76,196.62,920.9,125,1020,2482.151049
1.00E+14,1.00E+14,AFTERMATH EAST A UNIT 303H,4230135870,10/4/2024,374.05,,170.16,165.83,904.51,254,1044,2503.809084
1.00E+14,1.00E+14,AFTERMATH EAST A UNIT 303H,4230135870,10/3/2024,383.79,,562.51,555.77,879.25,198,1055,2118.82875
1.00E+14,1.00E+14,AFTERMATH EAST A UNIT 303H,4230135870,10/2/2024,390.99,,668.07,660.81,890.49,162,1049,2085.04125
1.00E+14,1.00E+14,AFTERMATH EAST A UNIT 303H,4230135870,10/1/2024,340.46,,760.44,752.37,773.34,167,1051,2092.415
1.00E+14,1.00E+14,AFTERMATH EAST A UNIT 303H,4230135870,9/30/2024,329.14,,733.69,725.99,708.68,191,1049,2099.004322
1.00E+14,1.00E+14,AFTERMATH EAST A UNIT 303H,4230135870,9/29/2024,313.06,,990.89,980.39,663.48,199,1045,2117.954829
1.00E+14,1.00E+14,AFTERMATH EAST A UNIT 303H,4230135870,9/28/2024,302.98,,922.17,912.37,656.19,173.06,1052.24,2120.531788
1.00E+14,1.00E+14,AFTERMATH EAST A UNIT 303H,4230135870,9/27/2024,372.83,,1103.65,1094.03,783.92,164,1056,2116.972917
1.00E+14,1.00E+14,AFTERMATH EAST A UNIT 303H,4230135870,9/26/2024,382.18,,788.22,781.57,799.07,195,1062,2120.247003
1.00E+14,1.00E+14,AFTERMATH EAST A UNIT 303H,4230135870,9/25/2024,354.15,,623.71,617.72,726.7,143,1051,2182.354708
1.00E+14,1.00E+14,AFTERMATH EAST A UNIT 303H,4230135870,9/24/2024,342.82,,750.1,743.34,721.17,172,1048,2134.315417
1.00E+14,1.00E+14,AFTERMATH EAST A UNIT 303H,4230135870,9/23/2024,378.62,,784.81,778.11,826.12,153,1060,2181.242198
1.00E+14,1.00E+14,AFTERMATH EAST A UNIT 303H,4230135870,9/22/2024,401.32,,606.55,601.35,803.87,186,1066,2213.41125
1.00E+14,1.00E+14,AFTERMATH EAST A UNIT 303H,4230135870,9/21/2024,312.65,,631.62,626.21,801.88,194,1071,2268.698333
1.00E+14,1.00E+14,AFTERMATH EAST A UNIT 303H,4230135870,9/20/2024,265.45,,247.54,245.35,472.98,171,1078,2332.403808
1.00E+14,1.00E+14,AFTERMATH EAST A UNIT 303H,4230135870,9/19/2024,319.15,,219.95,217.95,542.34,170,1090,2379.19001
1.00E+14,1.00E+14,AFTERMATH EAST A UNIT 303H,4230135870,9/18/2024,345.25,,216.01,214.08,563.28,157,1090,2411.720979
1.00E+14,1.00E+14,AFTERMATH EAST A UNIT 303H,4230135870,9/17/2024,585.42,,123.74,122.43,475.66,664,1070,2479.957083
1.00E+14,1.00E+14,AFTERMATH EAST A UNIT 303H,4230135870,9/16/2024,96.33,,412.35,406.39,791.59,151,1086,2307.435836
1.00E+14,1.00E+14,AFTERMATH EAST A UNIT 303H,4230135870,9/15/2024,410.26,,411.03,399.63,821.89,151,1086,2490.421766
1.00E+14,1.00E+14,AFTERMATH EAST A UNIT 303H,4230135870,9/14/2024,355.75,,79.45,78.85,724.56,129,1001,2708.045302
1.00E+14,1.00E+14,AFTERMATH EAST A UNIT 303H,4230135870,9/13/2024,324.39,,135.76,134.31,789.41,182,1086,2515.4725
1.00E+14,1.00E+14,AFTERMATH EAST A UNIT 303H,4230135870,9/12/2024,447.85,,154.96,153.55,880.92,138,1075,2559.161727
1.00E+14,1.00E+14,AFTERMATH EAST A UNIT 303H,4230135870,9/11/2024,431.64,,173.91,0,832.15,165,1084,2827.975722
1.00E+14,1.00E+14,AFTERMATH EAST A UNIT 303H,4230135870,9/10/2024,307,,65.75,0,640.7,1482,1380,2833.860833
1.00E+14,1.00E+14,AFTERMATH EAST A UNIT 303H,4230135870,9/9/2024,396.15,,443.06,0,745.6,197,1110,2442.810833
1.00E+14,1.00E+14,AFTERMATH EAST A UNIT 303H,4230135870,9/8/2024,389.21,,306.69,304.39,759.12,158,1098,2649.16777
1.00E+14,1.00E+14,AFTERMATH EAST A UNIT 303H,4230135870,9/7/2024,286.88,,232.24,230.18,643.09,185,1084,2684.684208
1.00E+14,1.00E+14,AFTERMATH EAST A UNIT 303H,4230135870,9/6/2024,361.45,,54.76,54.25,634.68,129,1038,3034.897917
1.00E+14,1.00E+14,AFTERMATH EAST A UNIT 303H,4230135870,9/5/2024,267.3,,166.36,164.81,592.65,179,1106,2604.185833
1.00E+14,1.00E+14,AFTERMATH EAST A UNIT 303H,4230135870,9/4/2024,324.32,,214,212.31,692.56,130,1061,2934.651535
1.00E+14,1.00E+14,AFTERMATH EAST A UNIT 303H,4230135870,9/3/2024,275.19,,67.79,67.06,612.5,207.94,1040.58,3083.277083
1.00E+14,1.00E+14,AFTERMATH EAST A UNIT 303H,4230135870,9/2/2024,131.16,,72.13,70.51,397.93,314.07,1027.52,2765.854583
1.00E+14,1.00E+14,AFTERMATH EAST A UNIT 303H,4230135870,9/1/2024,266.93,,382.66,379.5,509.01,152,1084,2383.662083
1.00E+14,1.00E+14,AFTERMATH EAST A UNIT 303H,4230135870,8/31/2024,322.69,,324.41,322.04,715.38,157,1090,2378.434542
1.00E+14,1.00E+14,AFTERMATH EAST A UNIT 303H,4230135870,8/30/2024,354.83,,334.24,331.8,744.91,174,1086,2385.56066
1.00E+14,1.00E+14,AFTERMATH EAST A UNIT 303H,4230135870,8/29/2024,399.66,,371.89,369.32,807.57,141,1096,2397.781315
1.00E+14,1.00E+14,AFTERMATH EAST A UNIT 303H,4230135870,8/28/2024,384.72,,304.69,302.45,812.74,161,1105,2471.211389
1.00E+14,1.00E+14,AFTERMATH EAST A UNIT 303H,4230135870,8/27/2024,339.35,,206.83,205.04,711.04,131,1046,2594.586337
1.00E+14,1.00E+14,AFTERMATH EAST A UNIT 303H,4230135870,8/26/2024,401.04,,376.7,374.06,761.58,297,114,2589.924056
1.00E+14,1.00E+14,AFTERMATH EAST A UNIT 303H,4230135870,8/25/2024,408.33,,365.94,363.17,692.45,182,1127,2648.05125
1.00E+14,1.00E+14,AFTERMATH EAST A UNIT 303H,4230135870,8/24/2024,404.59,,262.75,260.77,842.76,129,1103,3117.034441
1.00E+14,1.00E+14,AFTERMATH EAST A UNIT 303H,4230135870,8/23/2024,210,,3.81,3.76,613.18,839,1055,3230.245833
1.00E+14,1.00E+14,AFTERMATH EAST A UNIT 303H,4230135870,8/22/2024,284.36,,85.6,84.53,693.89,1191,1164,2936.675833
1.00E+14,1.00E+14,AFTERMATH EAST A UNIT 303H,4230135870,8/21/2024,306.5,,321.59,318.53,816.5,145,1066,2737.76216
1.00E+14,1.00E+14,AFTERMATH EAST A UNIT 303H,4230135870,8/20/2024,346.56,,337.9,334.59,1089.39,150,1091,2651.996783
1.00E+14,1.00E+14,AFTERMATH EAST A UNIT 303H,4230135870,8/19/2024,306.71,,181.33,177.7,779.24,410.42,1069.35,2691.726667
1.00E+14,1.00E+14,AFTERMATH EAST A UNIT 303H,4230135870,8/18/2024,240.7,,514.05,506.71,557.48,125,1081,2805.472707
1.00E+14,1.00E+14,AFTERMATH EAST A UNIT 303H,4230135870,8/17/2024,200.6,,92.58,90.96,496.57,124,1000,2932.377083
1.00E+14,1.00E+14,AFTERMATH EAST A UNIT 303H,4230135870,8/16/2024,237.57,,290.85,286.55,458.74,205,1109,2583.123251
1.00E+14,1.00E+14,AFTERMATH EAST A UNIT 303H,4230135870,8/15/2024,116.13,,89.79,85.99,426.07,124,1021,2463.310417
1.00E+14,1.00E+14,AFTERMATH EAST A UNIT 303H,4230135870,8/14/2024,273.39,,957.26,948.6,573.86,171,1059,2218.78125
1.00E+14,1.00E+14,AFTERMATH EAST A UNIT 303H,4230135870,8/13/2024,383.19,,973.95,965.31,841.8,186,1060,2223.487741
1.00E+14,1.00E+14,AFTERMATH EAST A UNIT 303H,4230135870,8/12/2024,404.03,,637.77,632.1,838.94,189,1061,2217.919528
1.00E+14,1.00E+14,AFTERMATH EAST A UNIT 303H,4230135870,8/11/2024,415.91,,577.77,572.08,840.32,180,1066,2224.731518
1.00E+14,1.00E+14,AFTERMATH EAST A UNIT 303H,4230135870,8/10/2024,401.59,,587.94,582.91,822.64,166,1059,2243.036417
1.00E+14,1.00E+14,AFTERMATH EAST A UNIT 303H,4230135870,8/9/2024,427.56,,645.9,640.63,825.46,156,1065,2221.99625
1.00E+14,1.00E+14,AFTERMATH EAST A UNIT 303H,4230135870,8/8/2024,236.59,,332.67,329.46,649.19,219,1064,2241.85375
1.00E+14,1.00E+14,AFTERMATH EAST A UNIT 303H,4230135870,8/7/2024,338.34,,524.83,519.24,601.63,188,1072,2255.495307
1.00E+14,1.00E+14,AFTERMATH EAST A UNIT 303H,4230135870,8/6/2024,291.18,,729.64,721.64,642.8,165,1074,2297.369621
1.00E+14,1.00E+14,AFTERMATH EAST A UNIT 303H,4230135870,8/5/2024,282.19,,683.28,675.25,636.66,159,1077,2390.700146
1.00E+14,1.00E+14,AFTERMATH EAST A UNIT 303H,4230135870,8/4/2024,155.23,,307.49,293.86,305.75,199,1076,2424.89625
1.00E+14,1.00E+14,AFTERMATH EAST A UNIT 303H,4230135870,8/3/2024,417.75,,762.31,756.11,814.41,195,1080,2250.991667
1.00E+14,1.00E+14,AFTERMATH EAST A UNIT 303H,4230135870,8/2/2024,406.07,,597.95,592.93,831.7,157,1083,2233.463333
1.00E+14,1.00E+14,AFTERMATH EAST A UNIT 303H,4230135870,8/1/2024,422.29,,589.66,584.65,929.34,191.16,1089.87,2246.889709
1.00E+14,1.00E+14,AFTERMATH EAST A UNIT 303H,4230135870,7/31/2024,359.37,,561.42,556.61,891.74,175,1093,2287.335833
1.00E+14,1.00E+14,AFTERMATH EAST A UNIT 303H,4230135870,7/30/2024,414.87,,682.43,676.61,918.53,222.72,1102.4,2303.795117
1.00E+14,1.00E+14,AFTERMATH EAST A UNIT 303H,4230135870,7/29/2024,480.08,,917.43,909.97,917.67,191,1115,2365.901938
1.00E+14,1.00E+14,AFTERMATH EAST A UNIT 303H,4230135870,7/28/2024,413.18,,373.18,368.09,814.5,160,1094.05,2484.486052
1.00E+14,1.00E+14,AFTERMATH EAST A UNIT 303H,4230135870,7/27/2024,341.86,,284.86,282.06,727.01,126,1072,2513.699167
1.00E+14,1.00E+14,AFTERMATH EAST A UNIT 303H,4230135870,7/26/2024,353.9,,247.8,245.37,712.81,179,1101,2444.343205
1.00E+14,1.00E+14,AFTERMATH EAST A UNIT 303H,4230135870,7/25/2024,361.91,,281.6,278.65,799.08,220,1101,2528.255
1.00E+14,1.00E+14,AFTERMATH EAST A UNIT 303H,4230135870,7/24/2024,438.25,,478.67,474.09,957.09,227.72,1113.49,2371.062564
1.00E+14,1.00E+14,AFTERMATH EAST A UNIT 303H,4230135870,7/23/2024,433.68,,803.28,797.37,988.32,192,1116,2444.176432
1.00E+14,1.00E+14,AFTERMATH EAST A UNIT 303H,4230135870,7/22/2024,405.83,,319.7,316.46,892.16,208,1098,2421.286354
1.00E+14,1.00E+14,AFTERMATH EAST A UNIT 303H,4230135870,7/21/2024,390.53,,292.59,289.77,866.66,221,1097,2398.87625
1.00E+14,1.00E+14,AFTERMATH EAST A UNIT 303H,4230135870,7/20/2024,394.4,,310.96,308.15,836.32,156,1111,2442.754431
1.00E+14,1.00E+14,AFTERMATH EAST A UNIT 303H,4230135870,7/19/2024,360.14,,300.36,297.6,841.13,172,1114,2553.536247
1.00E+14,1.00E+14,AFTERMATH EAST A UNIT 303H,4230135870,7/18/2024,381.96,,281.89,279.21,829.66,175.88,1102.2,2678.9675
1.00E+14,1.00E+14,AFTERMATH EAST A UNIT 303H,4230135870,7/17/2024,363.92,,770.82,763.47,808.08,186,1085,2787.378333
1.00E+14,1.00E+14,AFTERMATH EAST A UNIT 303H,4230135870,7/16/2024,375.11,,372.07,368.47,843.91,126,1071,3059.045833
1.00E+14,1.00E+14,AFTERMATH EAST A UNIT 303H,4230135870,7/15/2024,382.39,,372.66,368.57,814.41,160,1090,2634.740417
1.00E+14,1.00E+14,AFTERMATH EAST A UNIT 303H,4230135870,7/14/2024,529.73,,552.17,543.81,998.77,201,1098,2490.66625
1.00E+14,1.00E+14,AFTERMATH EAST A UNIT 303H,4230135870,7/13/2024,527.82,,561.05,554.22,1078.05,182,1098,2515.845833
1.00E+14,1.00E+14,AFTERMATH EAST A UNIT 303H,4230135870,7/12/2024,520.29,,166.78,0,1096.33,205,1099,2552.285899
1.00E+14,1.00E+14,AFTERMATH EAST A UNIT 303H,4230135870,7/11/2024,523.53,,573.82,569.32,1190.74,221,1105,2590.831104
1.00E+14,1.00E+14,AFTERMATH EAST A UNIT 303H,4230135870,7/10/2024,602.8,,580.72,576.18,1305.03,183,1112,2631.509524
1.00E+14,1.00E+14,AFTERMATH EAST A UNIT 303H,4230135870,7/9/2024,612.79,,600.93,0,1276.12,200,1132,2676.179799
1.00E+14,1.00E+14,AFTERMATH EAST A UNIT 303H,4230135870,7/8/2024,558.62,,483.25,478.83,1109.18,168,1127,2907.554076
1.00E+14,1.00E+14,AFTERMATH EAST A UNIT 303H,4230135870,7/7/2024,461.99,,339.92,0,956.7,316,1151,3388.685882
1.00E+14,1.00E+14,AFTERMATH EAST A UNIT 303H,4230135870,7/6/2024,296.28,,308.62,0,840.24,121,884,3650.63601
1.00E+14,1.00E+14,AFTERMATH EAST A UNIT 303H,4230135870,7/5/2024,423.2,,398.84,0,802.25,121.1,957.06,3398.4625
1.00E+14,1.00E+14,AFTERMATH EAST A UNIT 303H,4230135870,7/4/2024,316.09,,433.57,428.27,597.6,152,1115,2794.180417
1.00E+14,1.00E+14,AFTERMATH EAST A UNIT 303H,4230135870,7/3/2024,443.85,,470.06,466.01,1054.89,215,1116,2772.0525
1.00E+14,1.00E+14,AFTERMATH EAST A UNIT 303H,4230135870,7/2/2024,556.76,,487.49,483.3,1056.63,218,1133,2814.209583
1.00E+14,1.00E+14,AFTERMATH EAST A UNIT 303H,4230135870,7/1/2024,542.27,,329.69,326.53,955.84,157,1086,3014.396802
1.00E+14,1.00E+14,AFTERMATH EAST A UNIT 303H,4230135870,6/30/2024,451.3,,-203.88,0,895.65,387,1113,3048.03375
1.00E+14,1.00E+14,AFTERMATH EAST A UNIT 303H,4230135870,6/29/2024,522.92,,541.68,536.13,1127.09,168,1112,3111.185417
1.00E+14,1.00E+14,AFTERMATH EAST A UNIT 303H,4230135870,6/28/2024,333.28,,364.28,360.34,777.93,174,1105,2900.99917
1.00E+14,1.00E+14,AFTERMATH EAST A UNIT 303H,4230135870,6/27/2024,360.84,,634.33,629.48,1021.01,180,1106,2817.1025
1.00E+14,1.00E+14,AFTERMATH EAST A UNIT 303H,4230135870,6/26/2024,451.58,,580.11,575.52,1050.05,208,1113,2817.193333
1.00E+14,1.00E+14,AFTERMATH EAST A UNIT 303H,4230135870,6/25/2024,605.91,,726.18,720.55,1243.95,201,1115,2835.809583
1.00E+14,1.00E+14,AFTERMATH EAST A UNIT 303H,4230135870,6/24/2024,585.63,,943.65,927.58,1478.85,157,1108,2858.764042
1.00E+14,1.00E+14,AFTERMATH EAST A UNIT 303H,4230135870,6/23/2024,489.54,,786.12,0,1365.34,219,1127,2896.74375
1.00E+14,1.00E+14,AFTERMATH EAST A UNIT 303H,4230135870,6/22/2024,381.44,,601.31,594.99,1811.3,224,1156,2985.404194
1.00E+14,1.00E+14,AFTERMATH EAST A UNIT 303H,4230135870,6/21/2024,275.73,,334.34,329.33,734.39,386.42,1141.37,3155.263333
1.00E+14,1.00E+14,AFTERMATH EAST A UNIT 303H,4230135870,6/20/2024,404.44,,691.09,646.42,984.25,211,1140,3078.232669
1.00E+14,1.00E+14,AFTERMATH EAST A UNIT 303H,4230135870,6/19/2024,388.72,,603.88,598.94,1206.23,200,1152,3117.643333
1.00E+14,1.00E+14,AFTERMATH EAST A UNIT 303H,4230135870,6/18/2024,389.62,,316.8,313.86,998.83,168,1095,3539.239167
1.00E+14,1.00E+14,AFTERMATH EAST A UNIT 303H,4230135870,6/17/2024,374.28,,267.35,264.34,898.14,182,1147,3269.090417
1.00E+14,1.00E+14,AFTERMATH EAST A UNIT 303H,4230135870,6/16/2024,436.03,,403.36,399.55,840.07,249,1169,3274.783219
1.00E+14,1.00E+14,AFTERMATH EAST A UNIT 303H,4230135870,6/15/2024,380.63,,336.77,333.31,745.45,1171,1157,3894.327533
1.00E+14,1.00E+14,AFTERMATH EAST A UNIT 303H,4230135870,6/14/2024,271.28,,235.64,230.79,735.13,492,1158,3562.85375
1.00E+14,1.00E+14,AFTERMATH EAST A UNIT 303H,4230135870,6/13/2024,435.25,,476.98,472.61,857.07,277,1167,3395.888358
1.00E+14,1.00E+14,AFTERMATH EAST A UNIT 303H,4230135870,6/12/2024,511.7,,458.24,454.01,966.74,644,1184,3902.336837
1.00E+14,1.00E+14,AFTERMATH EAST A UNIT 303H,4230135870,6/11/2024,173.75,,196.05,191.35,342.51,829,1093,4417.094055
1.00E+14,1.00E+14,AFTERMATH EAST A UNIT 303H,4230135870,6/10/2024,288.24,,348.89,329.43,603.38,663,1037,4302.988622
1.00E+14,1.00E+14,AFTERMATH EAST A UNIT 303H,4230135870,6/9/2024,288.85,,360.08,356.51,613.03,493,1075,4183.299167
1.00E+14,1.00E+14,AFTERMATH EAST A UNIT 303H,4230135870,6/8/2024,391.33,,451.13,446.98,749.74,692,1181,4022.384495
1.00E+14,1.00E+14,AFTERMATH EAST A UNIT 303H,4230135870,6/7/2024,435.76,,445.59,440.51,776.15,150,868,4569.978792
1.00E+14,1.00E+14,AFTERMATH EAST A UNIT 303H,4230135870,6/6/2024,287.09,,348.64,343.32,601.77,151,881,4888.717917
1.00E+14,1.00E+14,AFTERMATH EAST A UNIT 303H,4230135870,6/5/2024,300.36,,357.89,352.72,648.31,147,898,4857.385833
1.00E+14,1.00E+14,AFTERMATH EAST A UNIT 303H,4230135870,6/4/2024,291.38,,347.32,344.49,617.11,150,917,4820.295
1.00E+14,1.00E+14,AFTERMATH EAST A UNIT 303H,4230135870,6/3/2024,276.74,,343.88,341.03,591.22,152,927,4790.880417
1.00E+14,1.00E+14,AFTERMATH EAST A UNIT 303H,4230135870,6/2/2024,307.2,,341.86,339.01,587.04,149,927,4749.399583
1.00E+14,1.00E+14,AFTERMATH EAST A UNIT 303H,4230135870,6/1/2024,293.11,,343.05,340.18,565.83,152,972,4702.3975
1.00E+14,1.00E+14,AFTERMATH EAST A UNIT 303H,4230135870,5/31/2024,248.21,,349.35,346.39,604.74,151.28,953.91,4648.501667
1.00E+14,1.00E+14,AFTERMATH EAST A UNIT 303H,4230135870,5/30/2024,241.25,,362.32,359.25,604.32,150,961,4584.679167
1.00E+14,1.00E+14,AFTERMATH EAST A UNIT 303H,4230135870,5/29/2024,241.06,,362.08,359.03,604.34,150,1000,4505.20125
1.00E+14,1.00E+14,AFTERMATH EAST A UNIT 303H,4230135870,5/28/2024,261.44,,362.62,359.29,646.96,151,984,4401.788333
1.00E+14,1.00E+14,AFTERMATH EAST A UNIT 303H,4230135870,5/27/2024,224.85,,309.46,305.75,692.79,150,1000,4255.09125
1.00E+14,1.00E+14,AFTERMATH EAST A UNIT 303H,4230135870,5/26/2024,223.13,,310.3,306.66,693.67,149,1018,4006.523333
1.00E+14,1.00E+14,AFTERMATH EAST A UNIT 303H,4230135870,5/25/2024,199.56,,268.43,265.87,567.09,218,1156,3264.141667
1.00E+14,1.00E+14,AFTERMATH EAST A UNIT 303H,4230135870,5/24/2024,408.05,,321.82,318.81,863.14,205,1157,3199.937917
1.00E+14,1.00E+14,AFTERMATH EAST A UNIT 303H,4230135870,5/23/2024,395.26,,300,0,717.52,251,1033,3331.734348
1.00E+14,1.00E+14,AFTERMATH EAST A UNIT 303H,4230135870,5/22/2024,441.51,,373.47,370.07,564.93,216,1094,3393.854559
1.00E+14,1.00E+14,AFTERMATH EAST A UNIT 303H,4230135870,5/21/2024,422.21,,424.34,420.84,817.45,308,1172,3489.485153
1.00E+14,1.00E+14,AFTERMATH EAST A UNIT 303H,4230135870,5/20/2024,320.96,,420.62,417.42,623.32,253,1183,3874.558473
1.00E+14,1.00E+14,AFTERMATH EAST A UNIT 303H,4230135870,5/19/2024,281.4,,264.84,255.1,343.54,1093,1067,4773.602917
1.00E+14,1.00E+14,AFTERMATH EAST A UNIT 303H,4230135870,5/18/2024,346.11,,373.97,370.55,542.67,1145.54,1049.02,4611.187083
1.00E+14,1.00E+14,AFTERMATH EAST A UNIT 303H,4230135870,5/17/2024,338.02,,456.1,452.58,584.93,480,1131,3993.24227
1.00E+14,1.00E+14,AFTERMATH EAST A UNIT 303H,4230135870,5/16/2024,341.3,,501.43,498.1,634.11,1455,1150,4699.4875
1.00E+14,1.00E+14,AFTERMATH EAST A UNIT 303H,4230135870,5/15/2024,266.09,,359.91,352.76,546.93,1460,1145,5003.880104
1.00E+14,1.00E+14,AFTERMATH EAST A UNIT 303H,4230135870,5/14/2024,286.66,,365.92,362.97,580.57,1448,1134,4970.375833
1.00E+14,1.00E+14,AFTERMATH EAST A UNIT 303H,4230135870,5/13/2024,333.65,,370.69,366.89,598.68,1607,1121,4925.58125
1.00E+14,1.00E+14,AFTERMATH EAST A UNIT 303H,4230135870,5/12/2024,315.78,,366.74,353.83,642.59,156,934,4877.573326
1.00E+14,1.00E+14,AFTERMATH EAST A UNIT 303H,4230135870,5/11/2024,264.49,,444.26,439.78,540.96,152,951,4847.9375
1.00E+14,1.00E+14,AFTERMATH EAST A UNIT 303H,4230135870,5/10/2024,265.25,,369.04,365.3,435.98,153,972,4755.10625
1.00E+14,1.00E+14,AFTERMATH EAST A UNIT 303H,4230135870,5/9/2024,256.1,,319.31,315.98,519.67,153,1019,4533.527917
1.00E+14,1.00E+14,AFTERMATH EAST A UNIT 303H,4230135870,5/8/2024,267.14,,383.52,380.47,538.77,568,1127,4015.213128
1.00E+14,1.00E+14,AFTERMATH EAST A UNIT 303H,4230135870,5/7/2024,528.29,,483.41,479.89,885.19,980,1369,4501.086303
1.00E+14,1.00E+14,AFTERMATH EAST A UNIT 303H,4230135870,5/6/2024,411.8,,380.89,375.67,844.85,370.65,874.99,4975.96
1.00E+14,1.00E+14,AFTERMATH EAST A UNIT 303H,4230135870,5/5/2024,273.02,,303.18,0,619.73,152,689,5089.402917
1.00E+14,1.00E+14,AFTERMATH EAST A UNIT 303H,4230135870,5/4/2024,162.06,,254.61,227.22,435.6,156,712,5073.6725
1.00E+14,1.00E+14,AFTERMATH EAST A UNIT 303H,4230135870,5/3/2024,286.23,,365.89,333.53,616.8,156,712,5057.216667
1.00E+14,1.00E+14,AFTERMATH EAST A UNIT 303H,4230135870,5/2/2024,295.04,,384.1,380.7,617.89,157,757,5039.354167
1.00E+14,1.00E+14,AFTERMATH EAST A UNIT 303H,4230135870,5/1/2024,288.75,,366.36,361.18,640.52,158,789,5020.082083
1.00E+14,1.00E+14,AFTERMATH EAST A UNIT 303H,4230135870,4/30/2024,283.44,,366.66,361.6,634.12,162,821,4999.092917
1.00E+14,1.00E+14,AFTERMATH EAST A UNIT 303H,4230135870,4/29/2024,277.78,,367.5,364.39,634.26,157,850,4974.620417
1.00E+14,1.00E+14,AFTERMATH EAST A UNIT 303H,4230135870,4/28/2024,274.8,,377.86,374.47,588.56,156,894,4944.62125
1.00E+14,1.00E+14,AFTERMATH EAST A UNIT 303H,4230135870,4/27/2024,262.34,,380.35,376.94,588.2,157,934,4906.512917
1.00E+14,1.00E+14,AFTERMATH EAST A UNIT 303H,4230135870,4/26/2024,321.22,,396.48,393.12,583.32,162,978,4850.611667
1.00E+14,1.00E+14,AFTERMATH EAST A UNIT 303H,4230135870,4/25/2024,359.26,,371.67,368.46,628.69,156,1029,4725.638333
1.00E+14,1.00E+14,AFTERMATH EAST A UNIT 303H,4230135870,4/24/2024,325.45,,494.72,490.99,644,673,1153,4530.35625
1.00E+14,1.00E+14,AFTERMATH EAST A UNIT 303H,4230135870,4/23/2024,91.3,,84.88,83.79,121.03,1273,1159,4951.240028
1.00E+14,1.00E+14,AFTERMATH EAST A UNIT 303H,4230135870,4/22/2024,0,,0,0,0,1200,1140,4953.977917
1.00E+14,1.00E+14,AFTERMATH EAST A UNIT 303H,4230135870,4/21/2024,0,,0,0,0,1202,1142,4935.559583
1.00E+14,1.00E+14,AFTERMATH EAST A UNIT 303H,4230135870,4/20/2024,0,,0,0,0,1150,1120,4916.1525
1.00E+14,1.00E+14,AFTERMATH EAST A UNIT 303H,4230135870,4/19/2024,0,,0,0,0,1150,1120,4896.239167
1.00E+14,1.00E+14,AFTERMATH EAST A UNIT 303H,4230135870,4/18/2024,0,,0,0,0,1148,1121,4876.027524
1.00E+14,1.00E+14,AFTERMATH EAST A UNIT 303H,4230135870,4/17/2024,0,,0,0,0,1145,1121,4855.06375
1.00E+14,1.00E+14,AFTERMATH EAST A UNIT 303H,4230135870,4/16/2024,0,,0,0,0,1125,1093,4833.598874
1.00E+14,1.00E+14,AFTERMATH EAST A UNIT 303H,4230135870,4/15/2024,0,,0,0,0,1112,1078,4811.193333
1.00E+14,1.00E+14,AFTERMATH EAST A UNIT 303H,4230135870,4/14/2024,0,,0,0,0,1103.7,1068.21,4787.9
1.00E+14,1.00E+14,AFTERMATH EAST A UNIT 303H,4230135870,4/13/2024,0,,0,0,0,1094,1057,4763.967917
1.00E+14,1.00E+14,AFTERMATH EAST A UNIT 303H,4230135870,4/12/2024,0,,0,0,0,1078,1047,4738.824167
1.00E+14,1.00E+14,AFTERMATH EAST A UNIT 303H,4230135870,4/11/2024,0,,0,0,0,1025,1036,4713.044167
1.00E+14,1.00E+14,AFTERMATH EAST A UNIT 303H,4230135870,4/10/2024,0,,0,0,0,983,1033,4686.1525
1.00E+14,1.00E+14,AFTERMATH EAST A UNIT 303H,4230135870,4/9/2024,0,,0,0,0,915,1027,4657.875812
1.00E+14,1.00E+14,AFTERMATH EAST A UNIT 303H,4230135870,4/8/2024,0,,0,0,0,877,1026,4628.53683
1.00E+14,1.00E+14,AFTERMATH EAST A UNIT 303H,4230135870,4/7/2024,0,,0,0,0,855,1025,4598.089566
1.00E+14,1.00E+14,AFTERMATH EAST A UNIT 303H,4230135870,4/6/2024,0,,0,0,0,708.68,1020.87,4566.231309
1.00E+14,1.00E+14,AFTERMATH EAST A UNIT 303H,4230135870,4/5/2024,0,,0,0,0,630,1024,4532.977597
1.00E+14,1.00E+14,AFTERMATH EAST A UNIT 303H,4230135870,4/4/2024,0,,0,0,0,486,1020,4498.535213
1.00E+14,1.00E+14,AFTERMATH EAST A UNIT 303H,4230135870,4/3/2024,0,,0,0,0,346,1026,4462.478236
1.00E+14,1.00E+14,AFTERMATH EAST A UNIT 303H,4230135870,4/2/2024,0,,0,0,0,194,1030,4423.51861
1.00E+14,1.00E+14,AFTERMATH EAST A UNIT 303H,4230135870,4/1/2024,0,,0,0,0,485.04,1034.93,4384.706846
1.00E+14,1.00E+14,AFTERMATH EAST A UNIT 303H,4230135870,3/31/2024,0,,0,0,0,350,1040,4341.784219
1.00E+14,1.00E+14,AFTERMATH EAST A UNIT 303H,4230135870,3/30/2024,0,,0,0,0,133,1044,4292.789913
1.00E+14,1.00E+14,AFTERMATH EAST A UNIT 303H,4230135870,3/29/2024,0,,0,0,0,1319,1079,4241.936972
1.00E+14,1.00E+14,AFTERMATH EAST A UNIT 303H,4230135870,3/28/2024,0,,0,0,0,1345,1331,4192.533267
1.00E+14,1.00E+14,AFTERMATH EAST A UNIT 303H,4230135870,3/27/2024,0,,0,0,0,1339,1325,4130.314573
1.00E+14,1.00E+14,AFTERMATH EAST A UNIT 303H,4230135870,3/26/2024,201.07,,374.64,0,440.53,1248,1240,4050.063094
1.00E+14,1.00E+14,AFTERMATH EAST A UNIT 303H,4230135870,3/25/2024,260.6,,484.68,0,617.96,954,1113,3959.183188
1.00E+14,1.00E+14,AFTERMATH EAST A UNIT 303H,4230135870,3/24/2024,217.26,,209.41,0,472.66,125,1012,3818.154498
1.00E+14,1.00E+14,AFTERMATH EAST A UNIT 303H,4230135870,3/23/2024,258.55,,342.3,336.09,586.11,418,1180,3539.351217
1.00E+14,1.00E+14,AFTERMATH EAST A UNIT 303H,4230135870,3/22/2024,137.32,,271.57,265.51,505.09,126,1016,3753.44889
1.00E+14,1.00E+14,AFTERMATH EAST A UNIT 303H,4230135870,3/21/2024,211.43,,249.08,243.26,438.24,1401,1094,3598.016142
1.00E+14,1.00E+14,AFTERMATH EAST A UNIT 303H,4230135870,3/20/2024,118.51,,200.75,193.94,293.87,413.54,1116.19,3249.116219
1.00E+14,1.00E+14,AFTERMATH EAST A UNIT 303H,4230135870,3/19/2024,352.34,,529.57,522.25,705.01,290.18,1100.77,3202.019854
1.00E+14,1.00E+14,AFTERMATH EAST A UNIT 303H,4230135870,3/18/2024,329.75,,432.31,426.77,709.34,197.22,1111.51,3387.040833
1.00E+14,1.00E+14,AFTERMATH EAST A UNIT 303H,4230135870,3/17/2024,368.99,,347.82,343.11,764.11,146.65,1065.98,3635.321437
1.00E+14,1.00E+14,AFTERMATH EAST A UNIT 303H,4230135870,3/16/2024,339.53,,362.21,356.76,736.2,166.59,1085.3,3243.25581
1.00E+14,1.00E+14,AFTERMATH EAST A UNIT 303H,4230135870,3/15/2024,400.27,,581.46,572.8,893.27,218,1107,3117.540417
1.00E+14,1.00E+14,AFTERMATH EAST A UNIT 303H,4230135870,3/14/2024,328.34,,639.01,628.8,766.02,178,1064,3619.64375
1.00E+14,1.00E+14,AFTERMATH EAST A UNIT 303H,4230135870,3/13/2024,333.97,,459.61,449.83,725.68,130,1066,3603.19375
1.00E+14,1.00E+14,AFTERMATH EAST A UNIT 303H,4230135870,3/12/2024,428.72,,445.94,436.66,603.94,153,1114,3198.915833
1.00E+14,1.00E+14,AFTERMATH EAST A UNIT 303H,4230135870,3/11/2024,414.38,,632.37,624.57,791,248,1124,3154.132104
1.00E+14,1.00E+14,AFTERMATH EAST A UNIT 303H,4230135870,3/10/2024,355.33,,375.83,370.87,740.35,384,1068,3747.741304
1.00E+14,1.00E+14,AFTERMATH EAST A UNIT 303H,4230135870,3/9/2024,244.21,,336.58,329.97,650.11,616,1088,3869.17125
1.00E+14,1.00E+14,AFTERMATH EAST A UNIT 303H,4230135870,3/8/2024,144.26,,220.01,215.57,647.38,643,1084,3816.35375
1.00E+14,1.00E+14,AFTERMATH EAST A UNIT 303H,4230135870,3/7/2024,234,,138.74,127.04,582.92,481,1102,3724.2225
1.00E+14,1.00E+14,AFTERMATH EAST A UNIT 303H,4230135870,3/6/2024,253.62,,224.8,220.37,511.61,615,1069,3499.74375
1.00E+14,1.00E+14,AFTERMATH EAST A UNIT 303H,4230135870,3/5/2024,355.14,,328.6,295.61,805.13,431,1134,3436.555399
1.00E+14,1.00E+14,AFTERMATH EAST A UNIT 303H,4230135870,3/4/2024,313.62,,270.76,265.57,628.78,192,1089,3405.702917
1.00E+14,1.00E+14,AFTERMATH EAST A UNIT 303H,4230135870,3/3/2024,311.46,,277.34,271.72,751.79,130,1018,3828.135833
1.00E+14,1.00E+14,AFTERMATH EAST A UNIT 303H,4230135870,3/2/2024,96.33,,123.93,121.09,265.59,1421,1183,3808.761466
1.00E+14,1.00E+14,AFTERMATH EAST A UNIT 303H,4230135870,3/1/2024,0,,0,0,0,1392,1158,3759.253615
1.00E+14,1.00E+14,AFTERMATH EAST A UNIT 303H,4230135870,2/29/2024,0,,0,0,0,1362,1137,3693.878333
1.00E+14,1.00E+14,AFTERMATH EAST A UNIT 303H,4230135870,2/28/2024,0,,0,0,0,1334,1120,3624.625417
1.00E+14,1.00E+14,AFTERMATH EAST A UNIT 303H,4230135870,2/27/2024,0,,0,0,0,1212,1097.07,3551.358259
1.00E+14,1.00E+14,AFTERMATH EAST A UNIT 303H,4230135870,2/26/2024,0,,0,0,0,1264,1081,3494.031282
1.00E+14,1.00E+14,AFTERMATH EAST A UNIT 303H,4230135870,2/25/2024,0,,0,0,0,1206.87,1045.62,3408.343838
1.00E+14,1.00E+14,AFTERMATH EAST A UNIT 303H,4230135870,2/24/2024,0,,0,0,0,1153.99,1018.13,3313.630815
1.00E+14,1.00E+14,AFTERMATH EAST A UNIT 303H,4230135870,2/23/2024,0,,0,0,0,1092.79,999.97,3205.65372
1.00E+14,1.00E+14,AFTERMATH EAST A UNIT 303H,4230135870,2/22/2024,0,,0,0,0,1022,992,3071.686704
1.00E+14,1.00E+14,AFTERMATH EAST A UNIT 303H,4230135870,2/21/2024,93.48,,174.1,165.72,248.85,158,1070,2819.446896
1.00E+14,1.00E+14,AFTERMATH EAST A UNIT 303H,4230135870,2/20/2024,199.66,,302.23,295.78,585.54,128,1026,2690.872356
1.00E+14,1.00E+14,AFTERMATH EAST A UNIT 303H,4230135870,2/19/2024,196,,276.46,270.01,542.96,131,1024,2597.430408
1.00E+14,1.00E+14,AFTERMATH EAST A UNIT 303H,4230135870,2/18/2024,251.38,,366.23,358.3,578.89,126,1020,2443.533128
1.00E+14,1.00E+14,AFTERMATH EAST A UNIT 303H,4230135870,2/17/2024,279.16,,362.19,354.86,591.51,154,1067,2249.075833
1.00E+14,1.00E+14,AFTERMATH EAST A UNIT 303H,4230135870,2/16/2024,281.26,,408.11,400.29,614.31,199,1068,2351.24875
1.00E+14,1.00E+14,AFTERMATH EAST A UNIT 303H,4230135870,2/15/2024,294.26,,224.39,219.21,623.07,121,896,2627.30875
1.00E+14,1.00E+14,AFTERMATH EAST A UNIT 303H,4230135870,2/14/2024,275.39,,355.87,349.95,574.03,186,1066,2197.0325
1.00E+14,1.00E+14,AFTERMATH EAST A UNIT 303H,4230135870,2/13/2024,384.3,,540.85,533.41,720.85,160,1063,2154.06375
1.00E+14,1.00E+14,AFTERMATH EAST A UNIT 303H,4230135870,2/12/2024,368.04,,444.82,438.65,681.94,167,1064,2150.385833
1.00E+14,1.00E+14,AFTERMATH EAST A UNIT 303H,4230135870,2/11/2024,364.14,,440.5,434.43,716.77,200,1057,2131.011667
1.00E+14,1.00E+14,AFTERMATH EAST A UNIT 303H,4230135870,2/10/2024,362.13,,417.35,410.35,740.1,204,1058,2090.82625
1.00E+14,1.00E+14,AFTERMATH EAST A UNIT 303H,4230135870,2/9/2024,355.64,,453.92,447.63,694.07,152,1077,2104.04125
1.00E+14,1.00E+14,AFTERMATH EAST A UNIT 303H,4230135870,2/8/2024,332.33,,515.39,509.26,732.56,185,1072,2170.59125
1.00E+14,1.00E+14,AFTERMATH EAST A UNIT 303H,4230135870,2/7/2024,541.62,,689.1,0,1201.7,190,1077,2179.165833
1.00E+14,1.00E+14,AFTERMATH EAST A UNIT 303H,4230135870,2/6/2024,377.53,,602.2,589.23,794.1,191,1082,2188.456667
1.00E+14,1.00E+14,AFTERMATH EAST A UNIT 303H,4230135870,2/5/2024,378.13,,583.43,573.62,795.58,185,1082,2203.734167
1.00E+14,1.00E+14,AFTERMATH EAST A UNIT 303H,4230135870,2/4/2024,382.13,,687.07,675.35,791.84,180,1089,2306.4975
1.00E+14,1.00E+14,AFTERMATH EAST A UNIT 303H,4230135870,2/3/2024,358.15,,500.25,491.39,765.52,129,1035,2363.527917
1.00E+14,1.00E+14,AFTERMATH EAST A UNIT 303H,4230135870,2/2/2024,364.57,,528.27,0,642.2,180,1080,2314.847917
1.00E+14,1.00E+14,AFTERMATH EAST A UNIT 303H,4230135870,2/1/2024,362.16,,531.41,522.53,792.79,183,1081,2371.9925
1.00E+14,1.00E+14,AFTERMATH EAST A UNIT 303H,4230135870,1/31/2024,360.53,,538.59,529.43,782.79,192,1106,2507.179167
1.00E+14,1.00E+14,AFTERMATH EAST A UNIT 303H,4230135870,1/30/2024,348.63,,389.29,380.95,797.26,192,1098,2482.793333
1.00E+14,1.00E+14,AFTERMATH EAST A UNIT 303H,4230135870,1/29/2024,378.32,,503.96,494.91,791.99,184,1083,
1.00E+14,1.00E+14,AFTERMATH EAST A UNIT 303H,4230135870,1/28/2024,371.04,,547.91,538.6,768.09,199,1092,2364.617391
1.00E+14,1.00E+14,AFTERMATH EAST A UNIT 303H,4230135870,1/27/2024,371.18,,529.89,520.69,787.67,187,1112,2402.33125
1.00E+14,1.00E+14,AFTERMATH EAST A UNIT 303H,4230135870,1/26/2024,366.68,,524.93,515.73,768.51,170,1111,2456.325833
1.00E+14,1.00E+14,AFTERMATH EAST A UNIT 303H,4230135870,1/25/2024,363.38,,540.65,531.39,815.95,148,1084,2515.102917
1.00E+14,1.00E+14,AFTERMATH EAST A UNIT 303H,4230135870,1/24/2024,290.75,,449.75,440.03,651.07,153,1077,2631.164167
1.00E+14,1.00E+14,AFTERMATH EAST A UNIT 303H,4230135870,1/23/2024,361.08,,514.52,505.13,827.46,165,1101,2556.599583
1.00E+14,1.00E+14,AFTERMATH EAST A UNIT 303H,4230135870,1/22/2024,395.87,,356.23,348.53,840.92,158,1099,2574.758333
1.00E+14,1.00E+14,AFTERMATH EAST A UNIT 303H,4230135870,1/21/2024,379.17,,405.54,397.34,773.57,181,1102,2585.02625
1.00E+14,1.00E+14,AFTERMATH EAST A UNIT 303H,4230135870,1/20/2024,379.91,,258.92,238.13,639.03,125,1022,2863.219583
1.00E+14,1.00E+14,AFTERMATH EAST A UNIT 303H,4230135870,1/19/2024,228.53,,493.4,384.41,520.33,197,1080,2515.38125
1.00E+14,1.00E+14,AFTERMATH EAST A UNIT 303H,4230135870,1/18/2024,387.64,,-29.3,0,790.77,197,1082,2360.03625
1.00E+14,1.00E+14,AFTERMATH EAST A UNIT 303H,4230135870,1/17/2024,375.32,,548.5,538.75,787.6,166,1092,2256.049167
1.00E+14,1.00E+14,AFTERMATH EAST A UNIT 303H,4230135870,1/16/2024,375.99,,468.64,453.56,771.78,189,1089,2253.255833
1.00E+14,1.00E+14,AFTERMATH EAST A UNIT 303H,4230135870,1/15/2024,397.81,,522.17,506.78,700.37,147,1104,2283.78625
1.00E+14,1.00E+14,AFTERMATH EAST A UNIT 303H,4230135870,1/14/2024,300.87,,485.68,474.03,638.94,193,1102,2321.0616
1.00E+14,1.00E+14,AFTERMATH EAST A UNIT 303H,4230135870,1/13/2024,326.64,,515.88,504.15,620.9,,,2365.1888
1.00E+14,1.00E+14,AFTERMATH EAST A UNIT 303H,4230135870,1/12/2024,359.12,,649.66,638.21,696.04,170,1068,2393.979444
1.00E+14,1.00E+14,AFTERMATH EAST A UNIT 303H,4230135870,1/11/2024,330.01,,451.36,421.24,686.79,188,1107,
1.00E+14,1.00E+14,AFTERMATH EAST A UNIT 303H,4230135870,1/9/2024,304.02,,312.29,303.89,616.2,300,1114,
1.00E+14,1.00E+14,AFTERMATH EAST A UNIT 303H,4230135870,1/8/2024,328.36,,430.9,422.45,697.59,299,1113,
1.00E+14,1.00E+14,AFTERMATH EAST A UNIT 303H,4230135870,1/7/2024,342.42,,431.86,423.38,722.14,298,1112,
1.00E+14,1.00E+14,AFTERMATH EAST A UNIT 303H,4230135870,1/6/2024,344.43,,445.49,436.72,730.38,282,1108,
1.00E+14,1.00E+14,AFTERMATH EAST A UNIT 303H,4230135870,1/5/2024,339.27,,428.45,419.81,696.14,303,1110,
1.00E+14,1.00E+14,AFTERMATH EAST A UNIT 303H,4230135870,1/4/2024,336.39,,452.93,405.28,690.89,210,1098,
1.00E+14,1.00E+14,AFTERMATH EAST A UNIT 303H,4230135870,1/3/2024,376.92,,568.35,555.7,760.11,140,1016,
1.00E+14,1.00E+14,AFTERMATH EAST A UNIT 303H,4230135870,1/2/2024,365.44,,630.61,620.59,759.84,151,1081,
1.00E+14,1.00E+14,AFTERMATH EAST A UNIT 303H,4230135870,1/1/2024,375.46,,595.16,585.42,761.73,146,1090,
1.00E+14,1.00E+14,AFTERMATH EAST A UNIT 303H,4230135870,12/31/2023,366.78,,-23.38,0,761.5,150,1113,2354.438421
1.00E+14,1.00E+14,AFTERMATH EAST A UNIT 303H,4230135870,12/30/2023,362.89,,576.74,567.2,776.18,150,1086,2366.219167
1.00E+14,1.00E+14,AFTERMATH EAST A UNIT 303H,4230135870,12/29/2023,368.31,,631.27,620.74,757.74,204,1090,2376.155833
1.00E+14,1.00E+14,AFTERMATH EAST A UNIT 303H,4230135870,12/28/2023,364.39,,780.11,767.14,788.64,139,1101,2384.0975
1.00E+14,1.00E+14,AFTERMATH EAST A UNIT 303H,4230135870,12/27/2023,378.41,,587.3,577.65,781.84,148,1098,2393.59625
1.00E+14,1.00E+14,AFTERMATH EAST A UNIT 303H,4230135870,12/26/2023,326.06,,518.77,509.72,747.26,171,1082,2408.724167
1.00E+14,1.00E+14,AFTERMATH EAST A UNIT 303H,4230135870,12/25/2023,364.33,,635.04,624.58,775.95,185,1109,2386.80875
1.00E+14,1.00E+14,AFTERMATH EAST A UNIT 303H,4230135870,12/24/2023,364.22,,641.67,631.45,770.25,184,1107,2418.367
1.00E+14,1.00E+14,AFTERMATH EAST A UNIT 303H,4230135870,12/23/2023,371.59,,607.85,598.23,763.75,172,1110,2443.24125
1.00E+14,1.00E+14,AFTERMATH EAST A UNIT 303H,4230135870,12/22/2023,417.74,,702.12,691.43,805.71,170,1109,2497.371667
1.00E+14,1.00E+14,AFTERMATH EAST A UNIT 303H,4230135870,12/21/2023,363.2,,606.73,596.53,756.35,,,2552.876667
1.00E+14,1.00E+14,AFTERMATH EAST A UNIT 303H,4230135870,12/20/2023,387.34,,928.81,914.08,826.09,159,1091,2481.499583
1.00E+14,1.00E+14,AFTERMATH EAST A UNIT 303H,4230135870,12/19/2023,324.2,,676.1,665.02,769.7,176,1089,2534.934583
1.00E+14,1.00E+14,AFTERMATH EAST A UNIT 303H,4230135870,12/18/2023,380.91,,584.69,574.56,751.74,132,1040,2509.372917
1.00E+14,1.00E+14,AFTERMATH EAST A UNIT 303H,4230135870,12/17/2023,377.53,,717.03,705.54,783.11,144,1099,2390.465
1.00E+14,1.00E+14,AFTERMATH EAST A UNIT 303H,4230135870,12/16/2023,374.58,,711.48,700.27,762.79,205,1088,2377.472083
1.00E+14,1.00E+14,AFTERMATH EAST A UNIT 303H,4230135870,12/15/2023,313.79,,550.73,542.13,777.86,206,1080,2349.91375
1.00E+14,1.00E+14,AFTERMATH EAST A UNIT 303H,4230135870,12/14/2023,387.29,,735.67,723.55,733.65,174,1094,2305.533333
1.00E+14,1.00E+14,AFTERMATH EAST A UNIT 303H,4230135870,12/13/2023,362.58,,450.23,442.64,762.26,178,1096,2296.9925
1.00E+14,1.00E+14,AFTERMATH EAST A UNIT 303H,4230135870,12/12/2023,404.8,,796.25,784.5,706.52,165,1057,2295.828333
1.00E+14,1.00E+14,AFTERMATH EAST A UNIT 303H,4230135870,12/11/2023,368.06,,794.93,783.19,814.51,184,1105,2299.354167
1.00E+14,1.00E+14,AFTERMATH EAST A UNIT 303H,4230135870,12/10/2023,388.67,,775.28,763.61,804.51,186,1108,2312.306667
1.00E+14,1.00E+14,AFTERMATH EAST A UNIT 303H,4230135870,12/9/2023,415.5,,799.39,787.35,784.99,192,1096,2322.782083
1.00E+14,1.00E+14,AFTERMATH EAST A UNIT 303H,4230135870,12/8/2023,424.58,,772.1,760.29,893.05,172,1112,2350.41875
1.00E+14,1.00E+14,AFTERMATH EAST A UNIT 303H,4230135870,12/7/2023,441.3,,727.95,716.37,835.27,173,1116,2410.539583
1.00E+14,1.00E+14,AFTERMATH EAST A UNIT 303H,4230135870,12/6/2023,444.34,,736.02,724.22,838.51,192,1104,2440.8625
1.00E+14,1.00E+14,AFTERMATH EAST A UNIT 303H,4230135870,12/5/2023,465.31,,615.57,605.12,901.74,185,1103,2474.300833
1.00E+14,1.00E+14,AFTERMATH EAST A UNIT 303H,4230135870,12/4/2023,449.39,,793.79,782.44,905.96,187,1106,2488.74125
1.00E+14,1.00E+14,AFTERMATH EAST A UNIT 303H,4230135870,12/3/2023,406.05,,648.08,637.47,783.74,183,1133,2499.57875
1.00E+14,1.00E+14,AFTERMATH EAST A UNIT 303H,4230135870,12/2/2023,391.53,,639.51,629.11,717.62,,,2515.727051
1.00E+14,1.00E+14,AFTERMATH EAST A UNIT 303H,4230135870,12/1/2023,383.64,,756.89,743.24,737.09,189,1120,2579.89502
1.00E+14,1.00E+14,AFTERMATH EAST A UNIT 303H,4230135870,11/30/2023,283.67,,327.49,320.88,764.62,140,1056,2906.972412
1.00E+14,1.00E+14,AFTERMATH EAST A UNIT 303H,4230135870,11/29/2023,317.21,,397.11,388.05,566.53,190,1106,2511.939697
1.00E+14,1.00E+14,AFTERMATH EAST A UNIT 303H,4230135870,11/28/2023,386.2,,581.6,570.83,727.41,187,1106,2443.234619
1.00E+14,1.00E+14,AFTERMATH EAST A UNIT 303H,4230135870,11/27/2023,389.84,,874.38,860.27,776.78,190,1108,2447.04126
1.00E+14,1.00E+14,AFTERMATH EAST A UNIT 303H,4230135870,11/26/2023,397.49,,662.95,651.68,772.42,193,1110,2449.36792
1.00E+14,1.00E+14,AFTERMATH EAST A UNIT 303H,4230135870,11/25/2023,390.78,,685.67,674.51,737.08,189,1108,2451.909912
1.00E+14,1.00E+14,AFTERMATH EAST A UNIT 303H,4230135870,11/24/2023,427.41,,679.46,668.51,711.66,186,1106,2454.44458
1.00E+14,1.00E+14,AFTERMATH EAST A UNIT 303H,4230135870,11/23/2023,395.22,,621.03,610.77,659.66,902,1173,2506.606201
1.00E+14,1.00E+14,AFTERMATH EAST A UNIT 303H,4230135870,11/21/2023,380.83,,754.99,743.52,660.18,185,1104,2428.945068
1.00E+14,1.00E+14,AFTERMATH EAST A UNIT 303H,4230135870,11/20/2023,376.47,,707.03,695.86,707.54,191,1103,2430.411133
1.00E+14,1.00E+14,AFTERMATH EAST A UNIT 303H,4230135870,11/19/2023,373.99,,707.41,696.32,718.58,180,1103,2425.07666
1.00E+14,1.00E+14,AFTERMATH EAST A UNIT 303H,4230135870,11/18/2023,370.26,,714.62,703.51,740.42,187,1106,2426.776611
1.00E+14,1.00E+14,AFTERMATH EAST A UNIT 303H,4230135870,11/17/2023,385.61,,755.87,744.05,480.26,176,1108,2427.773438
1.00E+14,1.00E+14,AFTERMATH EAST A UNIT 303H,4230135870,11/16/2023,384.97,,766.47,754.51,740.02,187,1103,2426.18042
1.00E+14,1.00E+14,AFTERMATH EAST A UNIT 303H,4230135870,11/15/2023,388.16,,712.93,701.99,744.92,185,1103,2424.118652
1.00E+14,1.00E+14,AFTERMATH EAST A UNIT 303H,4230135870,11/14/2023,417.91,,770.12,758.86,829.77,184,1102,2413.135742
1.00E+14,1.00E+14,AFTERMATH EAST A UNIT 303H,4230135870,11/13/2023,430.55,,807.2,795.81,822.16,192,1103,2412.136719
1.00E+14,1.00E+14,AFTERMATH EAST A UNIT 303H,4230135870,11/12/2023,446.66,,792.41,779.51,861.12,185,1101,2424.399658
1.00E+14,1.00E+14,AFTERMATH EAST A UNIT 303H,4230135870,11/11/2023,441.09,,784.51,770.06,856.39,180,1103,
1.00E+14,1.00E+14,AFTERMATH EAST A UNIT 303H,4230135870,11/10/2023,428.63,,719.02,708.52,809.48,180,1103,
1.00E+14,1.00E+14,AFTERMATH EAST A UNIT 303H,4230135870,11/9/2023,425.97,,723.99,712.36,828.72,181,1102,
1.00E+14,1.00E+14,AFTERMATH EAST A UNIT 303H,4230135870,11/8/2023,424.17,,613.67,604.48,858.06,146,1086,
1.00E+14,1.00E+14,AFTERMATH EAST A UNIT 303H,4230135870,11/7/2023,401.49,,761.41,750.62,788.32,176,1104,
1.00E+14,1.00E+14,AFTERMATH EAST A UNIT 303H,4230135870,11/6/2023,425.91,,749.53,738.85,787.37,186,1101,
1.00E+14,1.00E+14,AFTERMATH EAST A UNIT 303H,4230135870,11/5/2023,426.19,,663.95,654.58,834.7,185,1101,
1.00E+14,1.00E+14,AFTERMATH EAST A UNIT 303H,4230135870,11/4/2023,422.08,,793.38,782.61,808.95,183,1101,2439.642334
1.00E+14,1.00E+14,AFTERMATH EAST A UNIT 303H,4230135870,11/3/2023,424.9,,719.79,709.02,834.96,186,1103,2442.197021
1.00E+14,1.00E+14,AFTERMATH EAST A UNIT 303H,4230135870,11/2/2023,416.17,,504.27,496.68,732.71,186,1101,2447.312988
1.00E+14,1.00E+14,AFTERMATH EAST A UNIT 303H,4230135870,11/1/2023,310.54,,540.41,531.5,729.67,142,1015,2543.762451
1.00E+14,1.00E+14,AFTERMATH EAST A UNIT 303H,4230135870,10/31/2023,371.79,,849.54,835.98,621.71,188,1118,2385.422607
1.00E+14,1.00E+14,AFTERMATH EAST A UNIT 303H,4230135870,10/30/2023,378.66,,698.54,688.01,732.24,186,1103,2381.661133
1.00E+14,1.00E+14,AFTERMATH EAST A UNIT 303H,4230135870,10/29/2023,441.06,,751.07,740.18,818.12,186,1076,2359.740479
1.00E+14,1.00E+14,AFTERMATH EAST A UNIT 303H,4230135870,10/28/2023,453.3,,938.96,926.41,812.85,196,1104,2374.318848
1.00E+14,1.00E+14,AFTERMATH EAST A UNIT 303H,4230135870,10/27/2023,442.67,,801.81,791.06,793.65,181,1106,2417.533203
1.00E+14,1.00E+14,AFTERMATH EAST A UNIT 303H,4230135870,10/26/2023,404.37,,652.44,643.7,835.7,249,1115,2490.316162
1.00E+14,1.00E+14,AFTERMATH EAST A UNIT 303H,4230135870,10/25/2023,413.42,,581.82,573.63,752.57,254,1112,2518.202881
1.00E+14,1.00E+14,AFTERMATH EAST A UNIT 303H,4230135870,10/24/2023,401.52,,606.17,597.78,747.28,193,1110,2434.501221
1.00E+14,1.00E+14,AFTERMATH EAST A UNIT 303H,4230135870,10/23/2023,407.07,,611.81,603.28,750.57,194,1109,2405.977539
1.00E+14,1.00E+14,AFTERMATH EAST A UNIT 303H,4230135870,10/22/2023,403.19,,636.5,627.86,753.85,196,1106,2401.232666
1.00E+14,1.00E+14,AFTERMATH EAST A UNIT 303H,4230135870,10/21/2023,405.73,,648.22,635.69,759.51,196,1103,
1.00E+14,1.00E+14,AFTERMATH EAST A UNIT 303H,4230135870,10/20/2023,406.76,,652.58,638.72,746.67,197,1103,
1.00E+14,1.00E+14,AFTERMATH EAST A UNIT 303H,4230135870,10/19/2023,400.22,,653.03,642.01,766.34,200,1108,
1.00E+14,1.00E+14,AFTERMATH EAST A UNIT 303H,4230135870,10/18/2023,403.09,,648.58,639.27,748.82,207,1104,2394.56543
1.00E+14,1.00E+14,AFTERMATH EAST A UNIT 303H,4230135870,10/17/2023,420.52,,613.34,605.25,761.35,202,1114,2404.467529
1.00E+14,1.00E+14,AFTERMATH EAST A UNIT 303H,4230135870,10/16/2023,417.78,,665.96,657.28,756.1,198,1111,2431.540527
1.00E+14,1.00E+14,AFTERMATH EAST A UNIT 303H,4230135870,10/15/2023,395.98,,651.29,642.81,762.91,198,1120,2542.896973
1.00E+14,1.00E+14,AFTERMATH EAST A UNIT 303H,4230135870,10/14/2023,385.64,,597.13,588.77,690.58,250,1129,2607.597412
1.00E+14,1.00E+14,AFTERMATH EAST A UNIT 303H,4230135870,10/13/2023,420.21,,655.12,645.74,701.18,253,1129,2610.978027
1.00E+14,1.00E+14,AFTERMATH EAST A UNIT 303H,4230135870,10/12/2023,422.23,,741.4,731.16,930.46,251,1126,2608.772949
1.00E+14,1.00E+14,AFTERMATH EAST A UNIT 303H,4230135870,10/11/2023,451.66,,766.7,756.43,924.8,251,1125,2599.533691
1.00E+14,1.00E+14,AFTERMATH EAST A UNIT 303H,4230135870,10/10/2023,358.81,,795.39,784.98,799.88,251,1121,2583.285889
1.00E+14,1.00E+14,AFTERMATH EAST A UNIT 303H,4230135870,10/9/2023,439.1,,757.85,747.79,937.16,208,1111,2512.424072
1.00E+14,1.00E+14,AFTERMATH EAST A UNIT 303H,4230135870,10/8/2023,451.51,,754.46,744.43,1000.52,200,1109,2522.317871
1.00E+14,1.00E+14,AFTERMATH EAST A UNIT 303H,4230135870,10/7/2023,375.98,,672.94,663.74,882.62,190,1118,2553.243408
1.00E+14,1.00E+14,AFTERMATH EAST A UNIT 303H,4230135870,10/6/2023,437.74,,645.03,636.1,883.29,364,1132,2706.486572
1.00E+14,1.00E+14,AFTERMATH EAST A UNIT 303H,4230135870,10/5/2023,434.45,,567.65,558.47,882.25,,,2461.51001
1.00E+14,1.00E+14,AFTERMATH EAST A UNIT 303H,4230135870,10/4/2023,382.63,,1080.06,1064.83,676.88,,,2484.959229
1.00E+14,1.00E+14,AFTERMATH EAST A UNIT 303H,4230135870,10/3/2023,516.82,,1124.68,1110.34,982.02,200,1113,2512.929932
1.00E+14,1.00E+14,AFTERMATH EAST A UNIT 303H,4230135870,10/2/2023,518.57,,779.48,769.57,1010.99,191,1115,2545.42041
1.00E+14,1.00E+14,AFTERMATH EAST A UNIT 303H,4230135870,10/1/2023,508.73,,770.92,761.14,985.79,199,1112,2589.947021
1.00E+14,1.00E+14,AFTERMATH EAST A UNIT 303H,4230135870,9/30/2023,505.19,,743.48,732.65,1008.92,197,1115,2584.997559
1.00E+14,1.00E+14,AFTERMATH EAST A UNIT 303H,4230135870,9/29/2023,448.46,,760.42,748.13,994,203,1118,2622.257568
1.00E+14,1.00E+14,AFTERMATH EAST A UNIT 303H,4230135870,9/28/2023,468.87,,804.22,794.06,985.64,189,1128,2640.511719
1.00E+14,1.00E+14,AFTERMATH EAST A UNIT 303H,4230135870,9/27/2023,467.46,,775.92,766.38,965.05,164,1092,2985.73291
1.00E+14,1.00E+14,AFTERMATH EAST A UNIT 303H,4230135870,9/26/2023,443.1,,691.02,680.21,963.51,149,1067,2968.498047
1.00E+14,1.00E+14,AFTERMATH EAST A UNIT 303H,4230135870,9/25/2023,443.61,,727.24,716.59,968.27,200,1112,2507.79126
1.00E+14,1.00E+14,AFTERMATH EAST A UNIT 303H,4230135870,9/24/2023,444.87,,801.32,791.4,989.46,205,1113,2479.012451
1.00E+14,1.00E+14,AFTERMATH EAST A UNIT 303H,4230135870,9/23/2023,454.46,,811.24,794.22,986.78,208,1115,2491.787842
1.00E+14,1.00E+14,AFTERMATH EAST A UNIT 303H,4230135870,9/22/2023,444.34,,811.2,801.49,975.38,199,1112,2508.976318
1.00E+14,1.00E+14,AFTERMATH EAST A UNIT 303H,4230135870,9/21/2023,454.96,,798.4,788.44,975.31,200,1113,2527.453369
1.00E+14,1.00E+14,AFTERMATH EAST A UNIT 303H,4230135870,9/20/2023,435.11,,860.84,850.58,940.15,197,1115,2546.669922
1.00E+14,1.00E+14,AFTERMATH EAST A UNIT 303H,4230135870,9/19/2023,434.04,,826.99,816.86,948.57,202,1119,2569.048828
1.00E+14,1.00E+14,AFTERMATH EAST A UNIT 303H,4230135870,9/18/2023,479.45,,752.56,742.97,990.68,198,1121,2589.926758
1.00E+14,1.00E+14,AFTERMATH EAST A UNIT 303H,4230135870,9/17/2023,387.55,,652.81,643.81,888.53,201,1130,2624.518311
1.00E+14,1.00E+14,AFTERMATH EAST A UNIT 303H,4230135870,9/16/2023,380.78,,499.74,492.12,788.81,152,1062,2794.040771
1.00E+14,1.00E+14,AFTERMATH EAST A UNIT 303H,4230135870,9/15/2023,384.62,,507.89,500.39,782.42,181,1094,2623.076172
1.00E+14,1.00E+14,AFTERMATH EAST A UNIT 303H,4230135870,9/14/2023,441.48,,903.53,891.29,927.97,211,1117,2492.685791
1.00E+14,1.00E+14,AFTERMATH EAST A UNIT 303H,4230135870,9/13/2023,410.14,,676.95,667.91,888.67,198,1118,2495.857178
1.00E+14,1.00E+14,AFTERMATH EAST A UNIT 303H,4230135870,9/12/2023,431.11,,689.68,680.65,870.2,205,1118,2500.73
1.00E+14,1.00E+14,AFTERMATH EAST A UNIT 303H,4230135870,9/11/2023,433.62,,684.65,675.8,857.56,201,1121,2496.1
1.00E+14,1.00E+14,AFTERMATH EAST A UNIT 303H,4230135870,9/10/2023,438.63,,687.8,678.94,858.45,206,1122,2499.02
1.00E+14,1.00E+14,AFTERMATH EAST A UNIT 303H,4230135870,9/9/2023,434.57,,651.45,643.15,819.63,214,1125,2502.38
1.00E+14,1.00E+14,AFTERMATH EAST A UNIT 303H,4230135870,9/8/2023,442.89,,683.02,674.25,877.4,202,1126,2513.98
1.00E+14,1.00E+14,AFTERMATH EAST A UNIT 303H,4230135870,9/7/2023,443.48,,686.24,677.09,892,207,1124,2519.02
1.00E+14,1.00E+14,AFTERMATH EAST A UNIT 303H,4230135870,9/6/2023,442.66,,759.87,750.46,895.98,217,1123,2517.38
1.00E+14,1.00E+14,AFTERMATH EAST A UNIT 303H,4230135870,9/5/2023,445.26,,874.76,864.24,903.19,190,1130,2550.39
1.00E+14,1.00E+14,AFTERMATH EAST A UNIT 303H,4230135870,9/4/2023,506.31,,704.47,693.64,944.99,187,1102,2577.26
1.00E+14,1.00E+14,AFTERMATH EAST A UNIT 303H,4230135870,9/3/2023,488.26,,711.86,703.23,817.19,198,1121,2582.28
1.00E+14,1.00E+14,AFTERMATH EAST A UNIT 303H,4230135870,9/2/2023,460,,722.81,714.03,857.64,198,1125,2593.13
1.00E+14,1.00E+14,AFTERMATH EAST A UNIT 303H,4230135870,9/1/2023,476.86,,653.22,645.11,921.81,193,1127,2634.98
1.00E+14,1.00E+14,AFTERMATH EAST A UNIT 303H,4230135870,8/31/2023,472.5,,628.16,620.11,852.79,198,1124,2683.26
1.00E+14,1.00E+14,AFTERMATH EAST A UNIT 303H,4230135870,8/30/2023,541.4,,700.24,691.72,1065.03,198,1126,2722.21
1.00E+14,1.00E+14,AFTERMATH EAST A UNIT 303H,4230135870,8/29/2023,523.68,,687.46,679.22,1018.51,206,1129,2780.33
1.00E+14,1.00E+14,AFTERMATH EAST A UNIT 303H,4230135870,8/28/2023,442.72,,350.61,345.08,822.84,,,3205.17
1.00E+14,1.00E+14,AFTERMATH EAST A UNIT 303H,4230135870,8/27/2023,298.43,,692.91,674.21,587.01,644,1125,2773.79
1.00E+14,1.00E+14,AFTERMATH EAST A UNIT 303H,4230135870,8/26/2023,529.24,,234.19,0,1012.04,195,1128,2666.48
1.00E+14,1.00E+14,AFTERMATH EAST A UNIT 303H,4230135870,8/25/2023,490.99,,655.85,648,843.91,,,2704.18
1.00E+14,1.00E+14,AFTERMATH EAST A UNIT 303H,4230135870,8/24/2023,580.34,,766.98,758.39,1090.84,195,1126,2633.58
1.00E+14,1.00E+14,AFTERMATH EAST A UNIT 303H,4230135870,8/23/2023,574.12,,1007.89,996.88,1057.2,,,2668.23
1.00E+14,1.00E+14,AFTERMATH EAST A UNIT 303H,4230135870,8/22/2023,503.09,,999.28,988.14,956.72,200,1126,2754.06
1.00E+14,1.00E+14,AFTERMATH EAST A UNIT 303H,4230135870,8/21/2023,400.1,,634.26,624.1,931.65,199,1129,
1.00E+14,1.00E+14,AFTERMATH EAST A UNIT 303H,4230135870,8/20/2023,539.14,,792.77,782.23,1077.52,198,1123,
1.00E+14,1.00E+14,AFTERMATH EAST A UNIT 303H,4230135870,8/19/2023,556.33,,843.37,834.55,1124.06,204,1125,
1.00E+14,1.00E+14,AFTERMATH EAST A UNIT 303H,4230135870,8/17/2023,586.37,,913.78,895.18,1124.54,202,1126,
1.00E+14,1.00E+14,AFTERMATH EAST A UNIT 303H,4230135870,8/16/2023,537.54,,894.6,884.29,884.53,205,1128,
1.00E+14,1.00E+14,AFTERMATH EAST A UNIT 303H,4230135870,8/15/2023,524.84,,844.79,835.03,877.72,204,1129,
1.00E+14,1.00E+14,AFTERMATH EAST A UNIT 303H,4230135870,8/14/2023,560.21,,1031.96,1020.15,811.85,200,1132,
1.00E+14,1.00E+14,AFTERMATH EAST A UNIT 303H,4230135870,8/13/2023,561.07,,797.95,789.02,897.1,198,1131,
1.00E+14,1.00E+14,AFTERMATH EAST A UNIT 303H,4230135870,8/12/2023,541.69,,784.7,773.67,926.45,202,1134,
1.00E+14,1.00E+14,AFTERMATH EAST A UNIT 303H,4230135870,8/11/2023,511.32,,815.19,805.38,874.35,180,1125,
1.00E+14,1.00E+14,AFTERMATH EAST A UNIT 303H,4230135870,8/10/2023,588.5,,920.6,908.74,936.98,230,1137,
1.00E+14,1.00E+14,AFTERMATH EAST A UNIT 303H,4230135870,8/8/2023,388.36,,506.97,496.61,624.9,,,
1.00E+14,1.00E+14,AFTERMATH EAST A UNIT 303H,4230135870,8/7/2023,488.88,,909.36,898.47,985.79,170,1109,
1.00E+14,1.00E+14,AFTERMATH EAST A UNIT 303H,4230135870,8/5/2023,531.55,,903.86,893.11,1018.67,212,1124,
1.00E+14,1.00E+14,AFTERMATH EAST A UNIT 303H,4230135870,8/4/2023,532.3,,877.93,867.82,1030.06,211,1129,
1.00E+14,1.00E+14,AFTERMATH EAST A UNIT 303H,4230135870,8/3/2023,561.4,,903.02,892.79,1045.21,200,1129,
1.00E+14,1.00E+14,AFTERMATH EAST A UNIT 303H,4230135870,8/2/2023,556.71,,888.83,878.75,1044.9,195,1113,
1.00E+14,1.00E+14,AFTERMATH EAST A UNIT 303H,4230135870,8/1/2023,547.04,,845.79,836.11,1090.72,211,1131,
1.00E+14,1.00E+14,AFTERMATH EAST A UNIT 303H,4230135870,7/31/2023,543.49,,1230.73,1215.04,1084.22,201,1133,
1.00E+14,1.00E+14,AFTERMATH EAST A UNIT 303H,4230135870,7/30/2023,541.17,,1190.71,1175.74,1097.84,166,1118,
1.00E+14,1.00E+14,AFTERMATH EAST A UNIT 303H,4230135870,7/29/2023,573.22,,1033.69,1022.38,1035.5,171,1119,
1.00E+14,1.00E+14,AFTERMATH EAST A UNIT 303H,4230135870,7/28/2023,496.22,,1183.94,1170.18,1172.26,167,1130,
1.00E+14,1.00E+14,AFTERMATH EAST A UNIT 303H,4230135870,7/27/2023,467.66,,1366.6,1350.72,1192.71,206,1157,
1.00E+14,1.00E+14,AFTERMATH EAST A UNIT 303H,4230135870,7/26/2023,497.44,,1098.36,1087.17,1186.31,203,1168,
1.00E+14,1.00E+14,AFTERMATH EAST A UNIT 303H,4230135870,7/25/2023,514.22,,1418.99,1402.7,1185.8,201,1154,
1.00E+14,1.00E+14,AFTERMATH EAST A UNIT 303H,4230135870,7/24/2023,480.41,,1318.31,1300.56,1134.85,197,1162,
1.00E+14,1.00E+14,AFTERMATH EAST A UNIT 303H,4230135870,7/23/2023,485.4,,886.56,851.49,1107.36,343,1109,
1.00E+14,1.00E+14,AFTERMATH EAST A UNIT 303H,4230135870,7/22/2023,321.67,,576.8,567.95,888.19,293,1117,
1.00E+14,1.00E+14,AFTERMATH EAST A UNIT 303H,4230135870,7/21/2023,335.83,,645.73,636.22,918.09,150,1029,
1.00E+14,1.00E+14,AFTERMATH EAST A UNIT 303H,4230135870,7/20/2023,415.11,,835.47,822.87,1114.94,199,1155,2969.71
1.00E+14,1.00E+14,AFTERMATH EAST A UNIT 303H,4230135870,7/19/2023,504.2,,1183.25,1170.79,1335.03,243,1188,3136.12
1.00E+14,1.00E+14,AFTERMATH EAST A UNIT 303H,4230135870,7/18/2023,441.07,,744.24,736.25,1150.72,533,1178,3340.28
1.00E+14,1.00E+14,AFTERMATH EAST A UNIT 303H,4230135870,7/17/2023,437.45,,775.08,766.8,1115.18,564,1183,3343.87
1.00E+14,1.00E+14,AFTERMATH EAST A UNIT 303H,4230135870,7/16/2023,438.07,,747.14,737.74,1143.02,500,1192,3300.67
1.00E+14,1.00E+14,AFTERMATH EAST A UNIT 303H,4230135870,7/15/2023,455.49,,688.28,679.63,1167.67,,,3416.78
1.00E+14,1.00E+14,AFTERMATH EAST A UNIT 303H,4230135870,7/14/2023,378.26,,868.06,852.06,968.27,209,1155,3030.94
1.00E+14,1.00E+14,AFTERMATH EAST A UNIT 303H,4230135870,7/13/2023,426.08,,544.51,533.69,1010.68,894,1171,3270.81
1.00E+14,1.00E+14,AFTERMATH EAST A UNIT 303H,4230135870,7/12/2023,417.92,,648.01,639.3,1178.48,190,1154,2789.99
1.00E+14,1.00E+14,AFTERMATH EAST A UNIT 303H,4230135870,7/11/2023,479.78,,1253.04,1239.71,1266.02,191,1141,2796.84
1.00E+14,1.00E+14,AFTERMATH EAST A UNIT 303H,4230135870,7/10/2023,599.74,,1346.64,1327.73,1233.3,191,1146,2811.18
1.00E+14,1.00E+14,AFTERMATH EAST A UNIT 303H,4230135870,7/9/2023,490.95,,1220.6,1199.97,1312.11,192,1148,2837.35
1.00E+14,1.00E+14,AFTERMATH EAST A UNIT 303H,4230135870,7/8/2023,723.64,,1725.14,1691.77,2339.61,184,1152,2872.03
1.00E+14,1.00E+14,AFTERMATH EAST A UNIT 303H,4230135870,7/7/2023,712.55,,1537.83,1509.66,2364.44,188,1156,2902.25
1.00E+14,1.00E+14,AFTERMATH EAST A UNIT 303H,4230135870,7/6/2023,640.93,,1477.49,1453.85,2389.49,187,1163,2946.24
1.00E+14,1.00E+14,AFTERMATH EAST A UNIT 303H,4230135870,7/5/2023,589.95,,1399.31,1376.18,2209.2,183,1162,2993.7
1.00E+14,1.00E+14,AFTERMATH EAST A UNIT 303H,4230135870,7/4/2023,635.1,,737.19,726.77,2405.86,188,1170,3051.31
1.00E+14,1.00E+14,AFTERMATH EAST A UNIT 303H,4230135870,7/3/2023,573.91,,1257.74,1237.68,2242.39,428,1195,3251.92
1.00E+14,1.00E+14,AFTERMATH EAST A UNIT 303H,4230135870,7/2/2023,409.89,,733.17,716.61,1876.72,434,1190,3746.05
1.00E+14,1.00E+14,AFTERMATH EAST A UNIT 303H,4230135870,7/1/2023,308.68,,458.44,442.5,1451.17,143,1071,3203.42
1.00E+14,1.00E+14,AFTERMATH EAST A UNIT 303H,4230135870,6/30/2023,291.85,,849.34,831.43,1385.07,181,1178,3208.6
1.00E+14,1.00E+14,AFTERMATH EAST A UNIT 303H,4230135870,6/29/2023,301.03,,525.81,509.02,1015.1,243,1213,3442.52
1.00E+14,1.00E+14,AFTERMATH EAST A UNIT 303H,4230135870,6/28/2023,353.82,,598.48,581.97,1100.25,,,3473.47
1.00E+14,1.00E+14,AFTERMATH EAST A UNIT 303H,4230135870,6/27/2023,464.46,,921.96,901.31,868.16,173,1192,3317.83
1.00E+14,1.00E+14,AFTERMATH EAST A UNIT 303H,4230135870,6/26/2023,498.21,,965.12,946.66,1195.9,243,1195,3270.31
1.00E+14,1.00E+14,AFTERMATH EAST A UNIT 303H,4230135870,6/25/2023,568.84,,1044.32,1023.62,1323.05,236,1217,3402.63
1.00E+14,1.00E+14,AFTERMATH EAST A UNIT 303H,4230135870,6/24/2023,688.51,,1261.23,1231.49,1315.53,339,1241,3678.87
1.00E+14,1.00E+14,AFTERMATH EAST A UNIT 303H,4230135870,6/23/2023,673.36,,1153.43,1134.47,1015.02,1451,1207,4537.25
1.00E+14,1.00E+14,AFTERMATH EAST A UNIT 303H,4230135870,6/22/2023,29.51,,37.71,0,304.47,1595,1140,4766.18
1.00E+14,1.00E+14,AFTERMATH EAST A UNIT 303H,4230135870,6/21/2023,43.43,,109.09,89.08,137.06,1518,1129,4674.22
1.00E+14,1.00E+14,AFTERMATH EAST A UNIT 303H,4230135870,6/20/2023,84.89,,23.89,3.87,289.36,1313,1088,4570.47
1.00E+14,1.00E+14,AFTERMATH EAST A UNIT 303H,4230135870,6/19/2023,61.82,,23.56,3.55,421.89,1313,1089,4449.84
1.00E+14,1.00E+14,AFTERMATH EAST A UNIT 303H,4230135870,6/18/2023,49.45,,23.24,4.03,223.14,1244,1080,4302.41
1.00E+14,1.00E+14,AFTERMATH EAST A UNIT 303H,4230135870,6/17/2023,13.99,,50.7,31.88,170.23,1118,1158,4081.45
1.00E+14,1.00E+14,AFTERMATH EAST A UNIT 303H,4230135870,6/16/2023,116.52,,114.81,0,736.46,127,1003,3838.3
1.00E+14,1.00E+14,AFTERMATH EAST B UNIT 304H,4230135015,4/6/2026,0,,0,0,0,120,990,1869.158367
1.00E+14,1.00E+14,AFTERMATH EAST B UNIT 304H,4230135015,4/5/2026,226.24,,277.6,274.48,623.1,167,994,1778.912844
1.00E+14,1.00E+14,AFTERMATH EAST B UNIT 304H,4230135015,4/4/2026,184.59,,258.64,255.7,431.89,125,995,1799.066701
1.00E+14,1.00E+14,AFTERMATH EAST B UNIT 304H,4230135015,4/3/2026,186.42,,270.43,267.41,444.89,121,992,1845.918333
1.00E+14,1.00E+14,AFTERMATH EAST B UNIT 304H,4230135015,4/2/2026,196.91,,248.8,245.98,486.19,129,989,1892.3075
1.00E+14,1.00E+14,AFTERMATH EAST B UNIT 304H,4230135015,4/1/2026,197.21,,255.84,252.96,426.12,127,995,1893.63375
1.00E+14,1.00E+14,AFTERMATH EAST B UNIT 304H,4230135015,3/31/2026,170.25,,260.72,257.85,523.04,126,992,1867.812533
1.00E+14,1.00E+14,AFTERMATH EAST B UNIT 304H,4230135015,3/30/2026,191.46,,325.34,322.02,568.66,160.87,994.04,1898.00125
1.00E+14,1.00E+14,AFTERMATH EAST B UNIT 304H,4230135015,3/29/2026,215.27,,418.57,414.35,610.55,143,994,1919.483124
1.00E+14,1.00E+14,AFTERMATH EAST B UNIT 304H,4230135015,3/28/2026,194.5,,331.82,328.45,627.26,139,1000,1785.031667
1.00E+14,1.00E+14,AFTERMATH EAST B UNIT 304H,4230135015,3/27/2026,162.96,,313.41,310.06,621.05,159,993,1750.307917
1.00E+14,1.00E+14,AFTERMATH EAST B UNIT 304H,4230135015,3/26/2026,200.5,,290.87,287.77,466.03,239,1023,1840.860713
1.00E+14,1.00E+14,AFTERMATH EAST B UNIT 304H,4230135015,3/25/2026,200.84,,256.82,253.97,531.1,158,1008,1846.175
1.00E+14,1.00E+14,AFTERMATH EAST B UNIT 304H,4230135015,3/24/2026,205.13,,265.47,262.6,548.11,155,1012,1851.865
1.00E+14,1.00E+14,AFTERMATH EAST B UNIT 304H,4230135015,3/23/2026,190.4,,272.26,269.19,634.05,162,990,1773.597917
1.00E+14,1.00E+14,AFTERMATH EAST B UNIT 304H,4230135015,3/22/2026,176.97,,268.67,265.59,383.56,163,993,1797.964247
1.00E+14,1.00E+14,AFTERMATH EAST B UNIT 304H,4230135015,3/21/2026,223.97,,272.66,269.7,383.59,115,999,1978.579409
1.00E+14,1.00E+14,AFTERMATH EAST B UNIT 304H,4230135015,3/20/2026,132.62,,58.59,57.72,304.41,109,922,2008.587917
1.00E+14,1.00E+14,AFTERMATH EAST B UNIT 304H,4230135015,3/19/2026,157.77,,246.79,243.72,327.15,199,996,1720.748333
1.00E+14,1.00E+14,AFTERMATH EAST B UNIT 304H,4230135015,3/18/2026,194.01,,342.4,338.52,476.63,225,999,1697.992917
1.00E+14,1.00E+14,AFTERMATH EAST B UNIT 304H,4230135015,3/17/2026,233.03,,355.85,351.3,473.06,159,999,1699.8325
1.00E+14,1.00E+14,AFTERMATH EAST B UNIT 304H,4230135015,3/16/2026,203.34,,412.14,407.74,499.6,146,997,1653.555833
1.00E+14,1.00E+14,AFTERMATH EAST B UNIT 304H,4230135015,3/15/2026,195.28,,407.62,403.41,476.39,141,1003,1637.567083
1.00E+14,1.00E+14,AFTERMATH EAST B UNIT 304H,4230135015,3/14/2026,226.5,,411.02,407.03,442.34,160,1000,1638.425027
1.00E+14,1.00E+14,AFTERMATH EAST B UNIT 304H,4230135015,3/13/2026,210.24,,403.38,399.4,420.49,167,1002,1606.004583
1.00E+14,1.00E+14,AFTERMATH EAST B UNIT 304H,4230135015,3/12/2026,218.11,,408.9,404.89,427.92,292,1003,1610.318101
1.00E+14,1.00E+14,AFTERMATH EAST B UNIT 304H,4230135015,3/11/2026,193.35,,403.16,399.16,424.68,151,1002,1621.031222
1.00E+14,1.00E+14,AFTERMATH EAST B UNIT 304H,4230135015,3/10/2026,232.26,,394.45,390.54,430.1,144,1000,1613.809713
1.00E+14,1.00E+14,AFTERMATH EAST B UNIT 304H,4230135015,3/9/2026,236.85,,400.81,396.93,427.91,222,1000,1593.090022
1.00E+14,1.00E+14,AFTERMATH EAST B UNIT 304H,4230135015,3/8/2026,251.37,,434.64,430.44,460.96,226,1002,1610.791688
1.00E+14,1.00E+14,AFTERMATH EAST B UNIT 304H,4230135015,3/7/2026,209.6,,378,374.03,449.31,151,1002,1656.204167
1.00E+14,1.00E+14,AFTERMATH EAST B UNIT 304H,4230135015,3/6/2026,236.61,,399.51,395.61,479.69,158,1000,1619.642083
1.00E+14,1.00E+14,AFTERMATH EAST B UNIT 304H,4230135015,3/5/2026,222.22,,439.49,435.24,461.67,145,1004,1649.157011
1.00E+14,1.00E+14,AFTERMATH EAST B UNIT 304H,4230135015,3/4/2026,229.43,,427.32,423.25,478.78,175,1002,1674.44875
1.00E+14,1.00E+14,AFTERMATH EAST B UNIT 304H,4230135015,3/3/2026,267.32,,442.8,438.59,470.24,160,1003,1687.420417
1.00E+14,1.00E+14,AFTERMATH EAST B UNIT 304H,4230135015,3/2/2026,203.66,,309.16,305.11,317.67,152,1005,1718.615417
1.00E+14,1.00E+14,AFTERMATH EAST B UNIT 304H,4230135015,3/1/2026,192.11,,269.7,266.13,281.41,302,1004,1695.21
1.00E+14,1.00E+14,AFTERMATH EAST B UNIT 304H,4230135015,2/28/2026,172.86,,242.77,242.77,250.67,183,1005,1675.705174
1.00E+14,1.00E+14,AFTERMATH EAST B UNIT 304H,4230135015,2/27/2026,170.87,,253.59,250.4,275.18,169,1011,1699.2325
1.00E+14,1.00E+14,AFTERMATH EAST B UNIT 304H,4230135015,2/26/2026,196.48,,260.01,256.91,282.42,171,1003,1737.862083
1.00E+14,1.00E+14,AFTERMATH EAST B UNIT 304H,4230135015,2/25/2026,177.85,,250.85,247.82,258.97,127,1004,1775.016797
1.00E+14,1.00E+14,AFTERMATH EAST B UNIT 304H,4230135015,2/24/2026,237.78,,303.64,300.55,392.64,178,1005,1757.102384
1.00E+14,1.00E+14,AFTERMATH EAST B UNIT 304H,4230135015,2/23/2026,232.89,,336.55,333.53,430.14,190,1009,1741.774262
1.00E+14,1.00E+14,AFTERMATH EAST B UNIT 304H,4230135015,2/22/2026,219.3,,326.78,323.81,399.72,155,1007,1744.497083
1.00E+14,1.00E+14,AFTERMATH EAST B UNIT 304H,4230135015,2/21/2026,263.31,,369.46,366.29,433.48,162,1009,1833.824537
1.00E+14,1.00E+14,AFTERMATH EAST B UNIT 304H,4230135015,2/20/2026,273.15,,336.86,333.97,466.1,124,1009,1915.990851
1.00E+14,1.00E+14,AFTERMATH EAST B UNIT 304H,4230135015,2/19/2026,232.42,,217.3,215.1,395.79,186,1012,1899.606667
1.00E+14,1.00E+14,AFTERMATH EAST B UNIT 304H,4230135015,2/18/2026,264.03,,266.23,263.6,432.46,138,1017,1836.47125
1.00E+14,1.00E+14,AFTERMATH EAST B UNIT 304H,4230135015,2/17/2026,257.61,,301.24,298.56,448,142,1011,1865.319618
1.00E+14,1.00E+14,AFTERMATH EAST B UNIT 304H,4230135015,2/16/2026,244.28,,339.52,336.59,464.68,134,1007,1955.396901
1.00E+14,1.00E+14,AFTERMATH EAST B UNIT 304H,4230135015,2/15/2026,254.39,,307.91,305.24,495.63,131,1010,2013.661388
1.00E+14,1.00E+14,AFTERMATH EAST B UNIT 304H,4230135015,2/14/2026,246.24,,292.83,290.1,466.42,152,1017,2034.631959
1.00E+14,1.00E+14,AFTERMATH EAST B UNIT 304H,4230135015,2/13/2026,252.83,,255.31,253.1,464.57,128,1025,2108.874582
1.00E+14,1.00E+14,AFTERMATH EAST B UNIT 304H,4230135015,2/12/2026,205.08,,304.05,301.27,456.01,159,1014,2168.005044
1.00E+14,1.00E+14,AFTERMATH EAST B UNIT 304H,4230135015,2/11/2026,274.92,,307.94,305.28,476.75,131,1049,2548.772473
1.00E+14,1.00E+14,AFTERMATH EAST B UNIT 304H,4230135015,2/10/2026,291.7,,228.47,226.32,481,132,1001,2606.320417
1.00E+14,1.00E+14,AFTERMATH EAST B UNIT 304H,4230135015,2/9/2026,295.52,,229.63,227.43,475.23,147,1003,2535.634167
1.00E+14,1.00E+14,AFTERMATH EAST B UNIT 304H,4230135015,2/8/2026,216.98,,108.81,107.47,331.28,155,943,2400.487584
1.00E+14,1.00E+14,AFTERMATH EAST B UNIT 304H,4230135015,2/7/2026,139.63,,135.71,133.49,0,185,1012,2044.479583
1.00E+14,1.00E+14,AFTERMATH EAST B UNIT 304H,4230135015,2/6/2026,273.29,,247.08,244.96,486.82,129,1003,1968.10375
1.00E+14,1.00E+14,AFTERMATH EAST B UNIT 304H,4230135015,2/5/2026,281.08,,318.9,316.07,451.33,129,1010,1970.549167
1.00E+14,1.00E+14,AFTERMATH EAST B UNIT 304H,4230135015,2/4/2026,268.13,,299.78,297.2,462.47,175.06,1017.98,2003.546102
1.00E+14,1.00E+14,AFTERMATH EAST B UNIT 304H,4230135015,2/3/2026,246.27,,302.52,300.04,475.79,177,1019,2070.548333
1.00E+14,1.00E+14,AFTERMATH EAST B UNIT 304H,4230135015,2/2/2026,309.39,,246.12,244.16,494.99,125,1005,2141.009167
1.00E+14,1.00E+14,AFTERMATH EAST B UNIT 304H,4230135015,2/1/2026,283.18,,409.69,406.28,474.91,165,1049,2145.908337
1.00E+14,1.00E+14,AFTERMATH EAST B UNIT 304H,4230135015,1/31/2026,296,,231.9,229.56,441.71,153.35,1032.02,2640.936569
1.00E+14,1.00E+14,AFTERMATH EAST B UNIT 304H,4230135015,1/30/2026,217.47,,301.1,297.8,343.56,230,1049,2407.683333
1.00E+14,1.00E+14,AFTERMATH EAST B UNIT 304H,4230135015,1/29/2026,175.58,,147.14,145.3,390.1,135,1046,2798.488072
1.00E+14,1.00E+14,AFTERMATH EAST B UNIT 304H,4230135015,1/28/2026,149.26,,12.62,12.08,308.41,640.6,1085.83,2875.868343
1.00E+14,1.00E+14,AFTERMATH EAST B UNIT 304H,4230135015,1/27/2026,0,,0,0,0,1125.06,1100.99,2823.81375
1.00E+14,1.00E+14,AFTERMATH EAST B UNIT 304H,4230135015,1/26/2026,0,,0,0,0,1056.62,1065.22,2649.621431
1.00E+14,1.00E+14,AFTERMATH EAST B UNIT 304H,4230135015,1/25/2026,66.05,,94.83,92.38,138.94,201,1011,2377.026963
1.00E+14,1.00E+14,AFTERMATH EAST B UNIT 304H,4230135015,1/24/2026,133.89,,53.25,52.39,235.66,348,1002,2837.573708
1.00E+14,1.00E+14,AFTERMATH EAST B UNIT 304H,4230135015,1/23/2026,87.76,,-199.37,0,193.08,127,964,2828.445417
1.00E+14,1.00E+14,AFTERMATH EAST B UNIT 304H,4230135015,1/22/2026,215.29,,180.53,178.21,322.64,128,972,2761.192083
1.00E+14,1.00E+14,AFTERMATH EAST B UNIT 304H,4230135015,1/21/2026,219.45,,232.24,229.35,363.14,277,1091,2635.302083
1.00E+14,1.00E+14,AFTERMATH EAST B UNIT 304H,4230135015,1/20/2026,224.32,,343.32,339.58,430.11,209,1121,2611.426667
1.00E+14,1.00E+14,AFTERMATH EAST B UNIT 304H,4230135015,1/19/2026,239.2,,245.33,242.29,449.06,1204,1169,2710.920423
1.00E+14,1.00E+14,AFTERMATH EAST B UNIT 304H,4230135015,1/18/2026,232.29,,176.48,173.95,428.99,396,963,2708.910942
1.00E+14,1.00E+14,AFTERMATH EAST B UNIT 304H,4230135015,1/17/2026,213.78,,173.06,170.52,309.17,213,963,2610.01625
1.00E+14,1.00E+14,AFTERMATH EAST B UNIT 304H,4230135015,1/16/2026,143.01,,232.07,228.89,291,124,971,2483.11625
1.00E+14,1.00E+14,AFTERMATH EAST B UNIT 304H,4230135015,1/15/2026,226.38,,349.84,345.96,382.47,280,1035,2205.180417
1.00E+14,1.00E+14,AFTERMATH EAST B UNIT 304H,4230135015,1/14/2026,234.12,,244.85,241.95,409.12,124,942,2381.491803
1.00E+14,1.00E+14,AFTERMATH EAST B UNIT 304H,4230135015,1/13/2026,210.5,,263.6,260.25,389.73,150,1023,2145.74625
1.00E+14,1.00E+14,AFTERMATH EAST B UNIT 304H,4230135015,1/12/2026,218.62,,185.93,183.71,409.5,118,952,2315.562714
1.00E+14,1.00E+14,AFTERMATH EAST B UNIT 304H,4230135015,1/11/2026,190.92,,161.07,158.94,369.92,106,925,2172.26
1.00E+14,1.00E+14,AFTERMATH EAST B UNIT 304H,4230135015,1/10/2026,142.17,,233.29,229.42,235.34,247,1090,1916.438413
1.00E+14,1.00E+14,AFTERMATH EAST B UNIT 304H,4230135015,1/9/2026,222.47,,285.88,282.53,397.02,137,1012,1927.090833
1.00E+14,1.00E+14,AFTERMATH EAST B UNIT 304H,4230135015,1/8/2026,227.68,,300.51,297.07,382.46,145,998,2071.62375
1.00E+14,1.00E+14,AFTERMATH EAST B UNIT 304H,4230135015,1/7/2026,238.73,,296.76,293.09,409.63,128,1006,2001.978333
1.00E+14,1.00E+14,AFTERMATH EAST B UNIT 304H,4230135015,1/6/2026,231.67,,296.1,292.74,399.88,113,987,2021.616678
1.00E+14,1.00E+14,AFTERMATH EAST B UNIT 304H,4230135015,1/5/2026,247.71,,306.35,302.75,413.56,155,1043,1817.417783
1.00E+14,1.00E+14,AFTERMATH EAST B UNIT 304H,4230135015,1/4/2026,245.65,,376.92,372.97,409.36,166,1033,1768.81875
1.00E+14,1.00E+14,AFTERMATH EAST B UNIT 304H,4230135015,1/3/2026,248.77,,346.47,342.66,420.05,154,1029,1754.598333
1.00E+14,1.00E+14,AFTERMATH EAST B UNIT 304H,4230135015,1/2/2026,237.59,,441.92,437.3,429.93,197,1043,1672.13625
1.00E+14,1.00E+14,AFTERMATH EAST B UNIT 304H,4230135015,1/1/2026,257.49,,414.5,410.09,459.74,130,1047,1716.371933
1.00E+14,1.00E+14,AFTERMATH EAST B UNIT 304H,4230135015,12/31/2025,240.59,,344.61,340.47,417.69,189,1041,1718.549167
1.00E+14,1.00E+14,AFTERMATH EAST B UNIT 304H,4230135015,12/30/2025,270.33,,313.97,310.22,431.37,129,1043,1764.098156
1.00E+14,1.00E+14,AFTERMATH EAST B UNIT 304H,4230135015,12/29/2025,252.49,,415.95,411.58,461.75,187,1038,1809.647418
1.00E+14,1.00E+14,AFTERMATH EAST B UNIT 304H,4230135015,12/28/2025,231.53,,354.32,350.54,454.19,116,992,2063.819631
1.00E+14,1.00E+14,AFTERMATH EAST B UNIT 304H,4230135015,12/27/2025,67.1,,286.78,283.33,446.77,145,1021,1977.3825
1.00E+14,1.00E+14,AFTERMATH EAST B UNIT 304H,4230135015,12/26/2025,236.12,,276.53,273.41,400.25,141,988,2076.586667
1.00E+14,1.00E+14,AFTERMATH EAST B UNIT 304H,4230135015,12/25/2025,266.35,,328.45,324.79,396.07,143,1024,1900.345417
1.00E+14,1.00E+14,AFTERMATH EAST B UNIT 304H,4230135015,12/24/2025,247.76,,352.69,349.05,402.72,189,1012,1799.142267
1.00E+14,1.00E+14,AFTERMATH EAST B UNIT 304H,4230135015,12/23/2025,275.29,,407.63,403.55,426.74,127,1020,1829.057099
1.00E+14,1.00E+14,AFTERMATH EAST B UNIT 304H,4230135015,12/22/2025,239.38,,292.22,289.12,262.55,139,1030,1817.066667
1.00E+14,1.00E+14,AFTERMATH EAST B UNIT 304H,4230135015,12/21/2025,230.94,,362.03,358.16,298.86,164,1029,1768.99375
1.00E+14,1.00E+14,AFTERMATH EAST B UNIT 304H,4230135015,12/20/2025,263.12,,330.23,326.79,378.61,135,1028,1774.4385
1.00E+14,1.00E+14,AFTERMATH EAST B UNIT 304H,4230135015,12/19/2025,225.24,,336.84,333.37,389.91,210,1024,1815.573333
1.00E+14,1.00E+14,AFTERMATH EAST B UNIT 304H,4230135015,12/18/2025,251.04,,340.29,336.73,403.1,160,1016,1878.9
1.00E+14,1.00E+14,AFTERMATH EAST B UNIT 304H,4230135015,12/17/2025,222.95,,291.83,288.36,326.69,131,1015,1933.826411
1.00E+14,1.00E+14,AFTERMATH EAST B UNIT 304H,4230135015,12/16/2025,256.22,,330.93,327.43,432.08,239,1015,1896.648333
1.00E+14,1.00E+14,AFTERMATH EAST B UNIT 304H,4230135015,12/15/2025,253.61,,344.29,340.69,383.25,208,1011,1878.8075
1.00E+14,1.00E+14,AFTERMATH EAST B UNIT 304H,4230135015,12/14/2025,252.59,,337.07,333.55,366.19,211,1014,1899.506544
1.00E+14,1.00E+14,AFTERMATH EAST B UNIT 304H,4230135015,12/13/2025,257.57,,352.71,349.1,394.9,176,1012,1925.328193
1.00E+14,1.00E+14,AFTERMATH EAST B UNIT 304H,4230135015,12/12/2025,255.7,,337.2,333.77,377.54,172,1011,1954.6625
1.00E+14,1.00E+14,AFTERMATH EAST B UNIT 304H,4230135015,12/11/2025,252.22,,312.56,309.38,410.16,307,1024,2051.173333
1.00E+14,1.00E+14,AFTERMATH EAST B UNIT 304H,4230135015,12/10/2025,355.92,,289.54,286.63,437.98,213,1028,2158.17625
1.00E+14,1.00E+14,AFTERMATH EAST B UNIT 304H,4230135015,12/9/2025,255.79,,73.16,72.04,313.91,594.72,1008.53,2359.283771
1.00E+14,1.00E+14,AFTERMATH EAST B UNIT 304H,4230135015,12/8/2025,227.83,,248.88,245.45,273.74,116,990,2330.514903
1.00E+14,1.00E+14,AFTERMATH EAST B UNIT 304H,4230135015,12/7/2025,151.64,,231.44,228.11,271.69,141,1033,1968.151667
1.00E+14,1.00E+14,AFTERMATH EAST B UNIT 304H,4230135015,12/6/2025,261.7,,226.95,224.57,390.72,232,1026,1942.827857
1.00E+14,1.00E+14,AFTERMATH EAST B UNIT 304H,4230135015,12/5/2025,287.17,,231.72,229.38,387.85,140,1112,2194.613683
1.00E+14,1.00E+14,AFTERMATH EAST B UNIT 304H,4230135015,12/4/2025,260.09,,274.62,271.86,412.66,178,1067,2210.573383
1.00E+14,1.00E+14,AFTERMATH EAST B UNIT 304H,4230135015,12/3/2025,240.98,,25.33,25.03,363.02,148.63,801.96,2854.033738
1.00E+14,1.00E+14,AFTERMATH EAST B UNIT 304H,4230135015,12/2/2025,129.85,,0,0,306.77,98.24,437.83,2902.89125
1.00E+14,1.00E+14,AFTERMATH EAST B UNIT 304H,4230135015,12/1/2025,144.34,,45.07,44.4,295.76,113,509,2863.889167
1.00E+14,1.00E+14,AFTERMATH EAST B UNIT 304H,4230135015,11/30/2025,162.66,,78.36,77.26,359.88,114,598,2822.715417
1.00E+14,1.00E+14,AFTERMATH EAST B UNIT 304H,4230135015,11/29/2025,166.8,,18.83,18.55,319.44,110,676,2778.64375
1.00E+14,1.00E+14,AFTERMATH EAST B UNIT 304H,4230135015,11/28/2025,188.24,,32.85,32.29,313.2,120,776,2730.722917
1.00E+14,1.00E+14,AFTERMATH EAST B UNIT 304H,4230135015,11/27/2025,203.21,,71.78,70.9,348,111,903,2677.411667
1.00E+14,1.00E+14,AFTERMATH EAST B UNIT 304H,4230135015,11/26/2025,107.09,,15.88,15.4,138.99,111,917,2621.402917
1.00E+14,1.00E+14,AFTERMATH EAST B UNIT 304H,4230135015,11/25/2025,86.17,,0.58,0.55,107.79,407.42,933.31,2562.1775
1.00E+14,1.00E+14,AFTERMATH EAST B UNIT 304H,4230135015,11/24/2025,0,,0,0,0,461.59,938.24,2495.944583
1.00E+14,1.00E+14,AFTERMATH EAST B UNIT 304H,4230135015,11/23/2025,0,,0,0,0,344.05,928.07,2413.445833
1.00E+14,1.00E+14,AFTERMATH EAST B UNIT 304H,4230135015,11/22/2025,91.91,,149.59,146.34,116.44,119,979,2297.660417
1.00E+14,1.00E+14,AFTERMATH EAST B UNIT 304H,4230135015,11/21/2025,212.57,,106.77,105.29,0,179,980,2217.473404
1.00E+14,1.00E+14,AFTERMATH EAST B UNIT 304H,4230135015,11/20/2025,106.27,,179.46,176.49,381.87,233,1018,1993.716667
1.00E+14,1.00E+14,AFTERMATH EAST B UNIT 304H,4230135015,11/19/2025,208.19,,208.54,206.22,380.06,121,936,2058.3225
1.00E+14,1.00E+14,AFTERMATH EAST B UNIT 304H,4230135015,11/18/2025,201.07,,256.35,253.25,376.16,120,1015,1812.822917
1.00E+14,1.00E+14,AFTERMATH EAST B UNIT 304H,4230135015,11/17/2025,224.73,,376.86,373.08,339.33,127,1027,1742.276667
1.00E+14,1.00E+14,AFTERMATH EAST B UNIT 304H,4230135015,11/16/2025,246.14,,386.51,382.67,383.74,150,1027,1706.849082
1.00E+14,1.00E+14,AFTERMATH EAST B UNIT 304H,4230135015,11/15/2025,252.57,,373.62,369.88,392.04,174,1018,1685.655916
1.00E+14,1.00E+14,AFTERMATH EAST B UNIT 304H,4230135015,11/14/2025,226.26,,362.64,358.99,378.53,145,1023,1730.804594
1.00E+14,1.00E+14,AFTERMATH EAST B UNIT 304H,4230135015,11/13/2025,10.04,,365.87,362.16,388.34,120,1017,1730.780833
1.00E+14,1.00E+14,AFTERMATH EAST B UNIT 304H,4230135015,11/12/2025,234.46,,314.39,311.15,378.31,222,1012,1736.04148
1.00E+14,1.00E+14,AFTERMATH EAST B UNIT 304H,4230135015,11/11/2025,247.76,,348.71,345.07,393.78,124,1030,1711.214167
1.00E+14,1.00E+14,AFTERMATH EAST B UNIT 304H,4230135015,11/10/2025,253.23,,314.43,311.15,384.32,120,1008,1748.574583
1.00E+14,1.00E+14,AFTERMATH EAST B UNIT 304H,4230135015,11/9/2025,226.37,,336.55,333.02,378.49,128,1025,1708.122209
1.00E+14,1.00E+14,AFTERMATH EAST B UNIT 304H,4230135015,11/8/2025,222.98,,353.47,349.81,420.92,139,1023,1701.595796
1.00E+14,1.00E+14,AFTERMATH EAST B UNIT 304H,4230135015,11/7/2025,242.25,,345.07,341.52,2.45,156.93,1020.37,1704.626444
1.00E+14,1.00E+14,AFTERMATH EAST B UNIT 304H,4230135015,11/6/2025,239.07,,0,0,414.61,147,1013,1717.99685
1.00E+14,1.00E+14,AFTERMATH EAST B UNIT 304H,4230135015,11/5/2025,245.34,,345.58,341.89,409.38,156,1020,1721.228333
1.00E+14,1.00E+14,AFTERMATH EAST B UNIT 304H,4230135015,11/4/2025,249.07,,486.71,481.57,410.84,190,1022,1688.224452
1.00E+14,1.00E+14,AFTERMATH EAST B UNIT 304H,4230135015,11/3/2025,247.49,,386.58,382.51,424.87,210,1013,1758.155466
1.00E+14,1.00E+14,AFTERMATH EAST B UNIT 304H,4230135015,11/2/2025,281.22,,648.7,641.7,579.92,186,1011,1768.6424
1.00E+14,1.00E+14,AFTERMATH EAST B UNIT 304H,4230135015,11/1/2025,287.7,,713.18,705.85,618.96,145,1008,1772.019583
1.00E+14,1.00E+14,AFTERMATH EAST B UNIT 304H,4230135015,10/31/2025,283.63,,684.83,677.57,594.94,153,1011,1757.228333
1.00E+14,1.00E+14,AFTERMATH EAST B UNIT 304H,4230135015,10/30/2025,283.97,,675.06,668.05,572.85,121,1017,1722.572917
1.00E+14,1.00E+14,AFTERMATH EAST B UNIT 304H,4230135015,10/29/2025,262.87,,658.15,650.9,600.54,194,1016,1735.112714
1.00E+14,1.00E+14,AFTERMATH EAST B UNIT 304H,4230135015,10/28/2025,265.1,,718.07,710.44,579.85,130,1022,1766.335412
1.00E+14,1.00E+14,AFTERMATH EAST B UNIT 304H,4230135015,10/27/2025,278.27,,734.16,726.43,600.16,131,1015,1767.72625
1.00E+14,1.00E+14,AFTERMATH EAST B UNIT 304H,4230135015,10/26/2025,286.38,,763.18,755.31,621.27,128,1024,1759.193333
1.00E+14,1.00E+14,AFTERMATH EAST B UNIT 304H,4230135015,10/25/2025,283.3,,775.53,767.56,623.18,154,1025,1753.393731
1.00E+14,1.00E+14,AFTERMATH EAST B UNIT 304H,4230135015,10/24/2025,283.99,,773.48,765.57,620.34,172,1011,1741.507379
1.00E+14,1.00E+14,AFTERMATH EAST B UNIT 304H,4230135015,10/23/2025,272.87,,868.05,859.09,604.6,135,1021,1697.298503
1.00E+14,1.00E+14,AFTERMATH EAST B UNIT 304H,4230135015,10/22/2025,264.48,,880.41,871.52,617.37,182,1114,1727.5825
1.00E+14,1.00E+14,AFTERMATH EAST B UNIT 304H,4230135015,10/21/2025,275.77,,919.79,910.4,604.75,1,1020,1693.136224
1.00E+14,1.00E+14,AFTERMATH EAST B UNIT 304H,4230135015,10/20/2025,318.16,,866.56,857.44,588.71,206,1014,1717.237665
1.00E+14,1.00E+14,AFTERMATH EAST B UNIT 304H,4230135015,10/19/2025,281.85,,687.17,679.76,852.06,129,1026,1719.498215
1.00E+14,1.00E+14,AFTERMATH EAST B UNIT 304H,4230135015,10/18/2025,224.89,,698.51,690.82,699.33,122,1014,1714.875
1.00E+14,1.00E+14,AFTERMATH EAST B UNIT 304H,4230135015,10/17/2025,255.96,,634.14,627.24,716.24,128,1019,1698.20983
1.00E+14,1.00E+14,AFTERMATH EAST B UNIT 304H,4230135015,10/16/2025,221.56,,680.01,673.02,660.19,148,1022,1705.020297
1.00E+14,1.00E+14,AFTERMATH EAST B UNIT 304H,4230135015,10/15/2025,262.16,,869.35,861.74,727.68,162,1011,1700.980505
1.00E+14,1.00E+14,AFTERMATH EAST B UNIT 304H,4230135015,10/14/2025,281.64,,922.48,914.57,786.92,172,1020,1716.394167
1.00E+14,1.00E+14,AFTERMATH EAST B UNIT 304H,4230135015,10/13/2025,302.57,,777,769.93,709.06,119,1019,1722.3975
1.00E+14,1.00E+14,AFTERMATH EAST B UNIT 304H,4230135015,10/12/2025,266.07,,865.87,857.88,711.01,121,1015,1734.210179
1.00E+14,1.00E+14,AFTERMATH EAST B UNIT 304H,4230135015,10/11/2025,269.28,,652.49,646.5,736.5,125,1013,1732.682917
1.00E+14,1.00E+14,AFTERMATH EAST B UNIT 304H,4230135015,10/10/2025,244.66,,654.58,648.54,745.86,179,1013,1721.787431
1.00E+14,1.00E+14,AFTERMATH EAST B UNIT 304H,4230135015,10/9/2025,275.18,,731.32,724.94,771.57,186,1020,1762.059822
1.00E+14,1.00E+14,AFTERMATH EAST B UNIT 304H,4230135015,10/8/2025,174.1,,163.08,159.84,492.39,744,964,1806.114167
1.00E+14,1.00E+14,AFTERMATH EAST B UNIT 304H,4230135015,10/7/2025,210.7,,668.85,662.72,602.34,137,1014,1636.484846
1.00E+14,1.00E+14,AFTERMATH EAST B UNIT 304H,4230135015,10/6/2025,245.4,,675.54,669.23,629.17,133,1020,1624.805907
1.00E+14,1.00E+14,AFTERMATH EAST B UNIT 304H,4230135015,10/5/2025,303,,668.94,662.61,732.45,133,1050,1604.967181
1.00E+14,1.00E+14,AFTERMATH EAST B UNIT 304H,4230135015,10/4/2025,323.27,,671.53,665.08,720.95,132,1011,1585.646667
1.00E+14,1.00E+14,AFTERMATH EAST B UNIT 304H,4230135015,10/3/2025,243.09,,608.91,602.54,692.53,176,993,1531.179546
1.00E+14,1.00E+14,AFTERMATH EAST B UNIT 304H,4230135015,10/2/2025,204.6,,572.14,565.81,659.34,163,998,1503.190417
1.00E+14,1.00E+14,AFTERMATH EAST B UNIT 304H,4230135015,10/1/2025,229.41,,664.94,658.65,706.46,153,996,1496.772412
1.00E+14,1.00E+14,AFTERMATH EAST B UNIT 304H,4230135015,9/30/2025,254.6,,665.34,659.07,742.48,156,998,1487.423333
1.00E+14,1.00E+14,AFTERMATH EAST B UNIT 304H,4230135015,9/29/2025,255.44,,636.52,630.37,745.83,172,984,1470.534167
1.00E+14,1.00E+14,AFTERMATH EAST B UNIT 304H,4230135015,9/28/2025,206.43,,553.9,547.68,656.94,163,979,1460.8675
1.00E+14,1.00E+14,AFTERMATH EAST B UNIT 304H,4230135015,9/27/2025,246.08,,698.29,691.91,734.33,181,975,1445.645
1.00E+14,1.00E+14,AFTERMATH EAST B UNIT 304H,4230135015,9/26/2025,233.56,,692.06,685.86,694.73,157,969,1419.846667
1.00E+14,1.00E+14,AFTERMATH EAST B UNIT 304H,4230135015,9/25/2025,235.11,,697.04,690.8,722.79,172,965,1406.54375
1.00E+14,1.00E+14,AFTERMATH EAST B UNIT 304H,4230135015,9/24/2025,255.89,,721.98,715.67,673.86,163,962,1403.14625
1.00E+14,1.00E+14,AFTERMATH EAST B UNIT 304H,4230135015,9/23/2025,248.15,,665.58,659.14,731.99,170,970,1416.560833
1.00E+14,1.00E+14,AFTERMATH EAST B UNIT 304H,4230135015,9/22/2025,225.87,,851.49,843.95,723.36,156,983,1456.728657
1.00E+14,1.00E+14,AFTERMATH EAST B UNIT 304H,4230135015,9/21/2025,256.14,,613.41,607.82,778.28,168,1017,1574.506176
1.00E+14,1.00E+14,AFTERMATH EAST B UNIT 304H,4230135015,9/20/2025,224.56,,383.83,380.03,693.58,171,1018,1653.795398
1.00E+14,1.00E+14,AFTERMATH EAST B UNIT 304H,4230135015,9/19/2025,185.25,,345.88,342.34,592.3,156,1018,1700.485
1.00E+14,1.00E+14,AFTERMATH EAST B UNIT 304H,4230135015,9/18/2025,227.51,,399.28,395.12,683.44,153,1018,1730.459267
1.00E+14,1.00E+14,AFTERMATH EAST B UNIT 304H,4230135015,9/17/2025,224.05,,426.67,422.28,675.35,168,1013,1781.206977
1.00E+14,1.00E+14,AFTERMATH EAST B UNIT 304H,4230135015,9/16/2025,152.92,,149.48,146.75,456.27,474.56,1003.52,1852.20125
1.00E+14,1.00E+14,AFTERMATH EAST B UNIT 304H,4230135015,9/15/2025,203.62,,402.33,398.32,650.12,114,973,1788.562866
1.00E+14,1.00E+14,AFTERMATH EAST B UNIT 304H,4230135015,9/14/2025,202.12,,460.5,455.94,670.38,184,1023,1645.8775
1.00E+14,1.00E+14,AFTERMATH EAST B UNIT 304H,4230135015,9/13/2025,216.34,,472.2,467.59,674,142,1025,1644.92125
1.00E+14,1.00E+14,AFTERMATH EAST B UNIT 304H,4230135015,9/12/2025,222.42,,476.82,472.22,443.38,127,1025,1635.829617
1.00E+14,1.00E+14,AFTERMATH EAST B UNIT 304H,4230135015,9/11/2025,0,,0,0,0,202,1019,1628.866859
1.00E+14,1.00E+14,AFTERMATH EAST B UNIT 304H,4230135015,9/10/2025,218.66,,279.95,277.3,658.1,216,1024,1611.148563
1.00E+14,1.00E+14,AFTERMATH EAST B UNIT 304H,4230135015,9/9/2025,256.63,,293.6,290.87,773.58,171,1024,1683.374133
1.00E+14,1.00E+14,AFTERMATH EAST B UNIT 304H,4230135015,9/8/2025,240.61,,305.49,302.7,541.1,185,1017,1748.943766
1.00E+14,1.00E+14,AFTERMATH EAST B UNIT 304H,4230135015,9/7/2025,234.07,,328.4,325.36,752.65,211,1017,1809.151521
1.00E+14,1.00E+14,AFTERMATH EAST B UNIT 304H,4230135015,9/6/2025,210.35,,306.61,303.78,755.29,169,1014,1790.580193
1.00E+14,1.00E+14,AFTERMATH EAST B UNIT 304H,4230135015,9/5/2025,175.23,,272.49,269.79,726.93,277,993,1947.245059
1.00E+14,1.00E+14,AFTERMATH EAST B UNIT 304H,4230135015,9/4/2025,164.89,,279.53,276.59,558.99,195,1016,1892.557356
1.00E+14,1.00E+14,AFTERMATH EAST B UNIT 304H,4230135015,9/3/2025,157.8,,288.43,285.56,611.91,243,1026,1887.39
1.00E+14,1.00E+14,AFTERMATH EAST B UNIT 304H,4230135015,9/2/2025,190.31,,257.76,255.09,729.28,253,1020,1893.475709
1.00E+14,1.00E+14,AFTERMATH EAST B UNIT 304H,4230135015,9/1/2025,219,,201.07,198.97,729.65,120,1002,2032.7138
1.00E+14,1.00E+14,AFTERMATH EAST B UNIT 304H,4230135015,8/31/2025,198.12,,210.96,208.58,725.31,218,1021,1876.13875
1.00E+14,1.00E+14,AFTERMATH EAST B UNIT 304H,4230135015,8/30/2025,178.76,,259.1,256.46,780.01,228,1020,1856.2475
1.00E+14,1.00E+14,AFTERMATH EAST B UNIT 304H,4230135015,8/29/2025,221.26,,267.08,264.36,679.04,222,1019,1856.307917
1.00E+14,1.00E+14,AFTERMATH EAST B UNIT 304H,4230135015,8/28/2025,221.98,,288.63,285.79,729.45,231.19,1020.94,1842.619583
1.00E+14,1.00E+14,AFTERMATH EAST B UNIT 304H,4230135015,8/27/2025,232.3,,449.92,445.46,782.32,248,1020,1815.170417
1.00E+14,1.00E+14,AFTERMATH EAST B UNIT 304H,4230135015,8/26/2025,261.51,,264.3,261.63,742.07,225,1019,1715.9575
1.00E+14,1.00E+14,AFTERMATH EAST B UNIT 304H,4230135015,8/25/2025,244.4,,417.36,413.21,593.16,159,1022,1702.936284
1.00E+14,1.00E+14,AFTERMATH EAST B UNIT 304H,4230135015,8/24/2025,249.64,,510.24,505.01,489.6,341,969,1804.893333
1.00E+14,1.00E+14,AFTERMATH EAST B UNIT 304H,4230135015,8/23/2025,262.94,,687.83,681.49,491.14,145,1019,1726.940202
1.00E+14,1.00E+14,AFTERMATH EAST B UNIT 304H,4230135015,8/22/2025,262.1,,603.68,597.79,497.77,166,1022,1715.761667
1.00E+14,1.00E+14,AFTERMATH EAST B UNIT 304H,4230135015,8/21/2025,254.82,,626.02,619.88,474.7,129,1027,1790.399583
1.00E+14,1.00E+14,AFTERMATH EAST B UNIT 304H,4230135015,8/20/2025,261.97,,674.17,667.4,479.51,174,1020,1849.114548
1.00E+14,1.00E+14,AFTERMATH EAST B UNIT 304H,4230135015,8/19/2025,315.94,,693.98,687.14,517.7,173,1016,1925.425662
1.00E+14,1.00E+14,AFTERMATH EAST B UNIT 304H,4230135015,8/18/2025,264.89,,278.66,275.44,470.63,129,963,2098.725833
1.00E+14,1.00E+14,AFTERMATH EAST B UNIT 304H,4230135015,8/17/2025,171.98,,447.28,442.05,395.2,237,1023,1757.378333
1.00E+14,1.00E+14,AFTERMATH EAST B UNIT 304H,4230135015,8/16/2025,264.34,,625,618.87,483.59,174,1021,1729.948877
1.00E+14,1.00E+14,AFTERMATH EAST B UNIT 304H,4230135015,8/15/2025,257.99,,688.55,681.89,475.22,154,1026,1724.855833
1.00E+14,1.00E+14,AFTERMATH EAST B UNIT 304H,4230135015,8/14/2025,249.33,,389.32,385.7,404.27,157,1028,1720.053865
1.00E+14,1.00E+14,AFTERMATH EAST B UNIT 304H,4230135015,8/13/2025,268.98,,350.32,347.43,534.05,159,1022,1708.315417
1.00E+14,1.00E+14,AFTERMATH EAST B UNIT 304H,4230135015,8/12/2025,316.02,,348.7,346.02,578.72,226,1022,1684.532917
1.00E+14,1.00E+14,AFTERMATH EAST B UNIT 304H,4230135015,8/11/2025,267.38,,341.49,0,464.37,160,1033,1659.46201
1.00E+14,1.00E+14,AFTERMATH EAST B UNIT 304H,4230135015,8/10/2025,266.63,,363.79,0,489.47,203,1030,1654.689167
1.00E+14,1.00E+14,AFTERMATH EAST B UNIT 304H,4230135015,8/9/2025,266.76,,344.99,0,502.3,133,1027,1639.260242
1.00E+14,1.00E+14,AFTERMATH EAST B UNIT 304H,4230135015,8/8/2025,257.32,,305.72,0,489.09,162,1024,1655.619161
1.00E+14,1.00E+14,AFTERMATH EAST B UNIT 304H,4230135015,8/7/2025,269.77,,373.39,0,507.14,136,1023,1652.619167
1.00E+14,1.00E+14,AFTERMATH EAST B UNIT 304H,4230135015,8/6/2025,268.65,,390.77,0,491.76,183,1017,1613.34389
1.00E+14,1.00E+14,AFTERMATH EAST B UNIT 304H,4230135015,8/5/2025,261.8,,394.29,0,497.01,167,1013,1602.00625
1.00E+14,1.00E+14,AFTERMATH EAST B UNIT 304H,4230135015,8/4/2025,0,,0,0,0,152,1020,1598.108741
1.00E+14,1.00E+14,AFTERMATH EAST B UNIT 304H,4230135015,8/3/2025,281.02,,310.1,0,573.97,175,1026,1677.211
1.00E+14,1.00E+14,AFTERMATH EAST B UNIT 304H,4230135015,8/2/2025,269.38,,295.54,0,544.21,180,1031,1733.587096
1.00E+14,1.00E+14,AFTERMATH EAST B UNIT 304H,4230135015,8/1/2025,270.64,,320.59,0,0,142,1040,1768.84193
1.00E+14,1.00E+14,AFTERMATH EAST B UNIT 304H,4230135015,7/31/2025,271.71,,331.6,0,467.35,261,1037,1795.185766
1.00E+14,1.00E+14,AFTERMATH EAST B UNIT 304H,4230135015,7/30/2025,294.74,,328,0,477.83,156,1028,1822.238485
1.00E+14,1.00E+14,AFTERMATH EAST B UNIT 304H,4230135015,7/29/2025,322.92,,350.51,0,516.61,154,1036,1859.918075
1.00E+14,1.00E+14,AFTERMATH EAST B UNIT 304H,4230135015,7/28/2025,299.19,,436.02,0,488.39,160,1053,2128.087931
1.00E+14,1.00E+14,AFTERMATH EAST B UNIT 304H,4230135015,7/27/2025,264.22,,161.85,0,476.41,116,956,2439.601888
1.00E+14,1.00E+14,AFTERMATH EAST B UNIT 304H,4230135015,7/26/2025,235.01,,223.84,0,454.68,140,993,2195.550596
1.00E+14,1.00E+14,AFTERMATH EAST B UNIT 304H,4230135015,7/25/2025,240.92,,156.4,155.02,424.62,119,983,2359.149953
1.00E+14,1.00E+14,AFTERMATH EAST B UNIT 304H,4230135015,7/24/2025,180.03,,147.5,146.05,393.1,117,957,2239.12375
1.00E+14,1.00E+14,AFTERMATH EAST B UNIT 304H,4230135015,7/23/2025,195.13,,223.19,220.83,457.33,127,1013,1855.1425
1.00E+14,1.00E+14,AFTERMATH EAST B UNIT 304H,4230135015,7/22/2025,217.32,,352.01,348.91,468.85,174,1027,1704.084332
1.00E+14,1.00E+14,AFTERMATH EAST B UNIT 304H,4230135015,7/21/2025,266.11,,336.27,333.48,467.66,171,1028,1822.038681
1.00E+14,1.00E+14,AFTERMATH EAST B UNIT 304H,4230135015,7/20/2025,277.37,,319.09,316.52,486.96,124,1024,1871.593186
1.00E+14,1.00E+14,AFTERMATH EAST B UNIT 304H,4230135015,7/19/2025,246.59,,327.1,324.53,467.08,153,1024,1841.305
1.00E+14,1.00E+14,AFTERMATH EAST B UNIT 304H,4230135015,7/18/2025,242.61,,371.46,368.72,507.96,277,1021,1793.593333
1.00E+14,1.00E+14,AFTERMATH EAST B UNIT 304H,4230135015,7/17/2025,249.87,,423.73,420.66,501.99,155,1020,1724.125417
1.00E+14,1.00E+14,AFTERMATH EAST B UNIT 304H,4230135015,7/16/2025,271.78,,455.98,452.75,534.56,174,1015,1672.480833
1.00E+14,1.00E+14,AFTERMATH EAST B UNIT 304H,4230135015,7/15/2025,555.42,,450,446.81,538.52,198,1021,1662.603665
1.00E+14,1.00E+14,AFTERMATH EAST B UNIT 304H,4230135015,7/14/2025,-32.73,,326.61,324.23,545.4,175,1024,1744.152103
1.00E+14,1.00E+14,AFTERMATH EAST B UNIT 304H,4230135015,7/13/2025,384.11,,252.91,251,721.57,190,1034,1786.459746
1.00E+14,1.00E+14,AFTERMATH EAST B UNIT 304H,4230135015,7/12/2025,415.87,,243.58,241.74,780.34,115,944,1945.545417
1.00E+14,1.00E+14,AFTERMATH EAST B UNIT 304H,4230135015,7/11/2025,382,,288.77,286.63,719.9,181,1027,1765.45125
1.00E+14,1.00E+14,AFTERMATH EAST B UNIT 304H,4230135015,7/10/2025,404.68,,263.71,261.78,759.01,131,1029,1765.956066
1.00E+14,1.00E+14,AFTERMATH EAST B UNIT 304H,4230135015,7/9/2025,410.42,,234.1,232.35,776.18,150,1009,1816.0329
1.00E+14,1.00E+14,AFTERMATH EAST B UNIT 304H,4230135015,7/8/2025,407.96,,247.02,245.19,778.33,197,1027,1805.214376
1.00E+14,1.00E+14,AFTERMATH EAST B UNIT 304H,4230135015,7/7/2025,446.02,,248.4,246.57,737.5,133,1026,1847.03464
1.00E+14,1.00E+14,AFTERMATH EAST B UNIT 304H,4230135015,7/6/2025,434.04,,246.4,244.57,812.32,160,1027,1921.235833
1.00E+14,1.00E+14,AFTERMATH EAST B UNIT 304H,4230135015,7/5/2025,481.19,,276.08,274.02,875.14,134,1030,2058.720417
1.00E+14,1.00E+14,AFTERMATH EAST B UNIT 304H,4230135015,7/4/2025,438.28,,246.69,244.78,631.7,241,1055,2373.183558
1.00E+14,1.00E+14,AFTERMATH EAST B UNIT 304H,4230135015,7/3/2025,236.4,,81.8,80.79,517.62,125.41,908.13,2443.519312
1.00E+14,1.00E+14,AFTERMATH EAST B UNIT 304H,4230135015,7/2/2025,239.62,,226.52,224.34,566.75,137,1047,2159.911707
1.00E+14,1.00E+14,AFTERMATH EAST B UNIT 304H,4230135015,7/1/2025,206.57,,95.29,94.08,401.58,205,1024,1943.333063
1.00E+14,1.00E+14,AFTERMATH EAST B UNIT 304H,4230135015,6/30/2025,335.38,,192.95,191.5,683.75,161,1042,1834.562942
1.00E+14,1.00E+14,AFTERMATH EAST B UNIT 304H,4230135015,6/29/2025,257.42,,-27.49,0,614.81,129,986,0
1.00E+14,1.00E+14,AFTERMATH EAST B UNIT 304H,4230135015,6/28/2025,291.58,,125.48,124.39,687.15,159,1030,0
1.00E+14,1.00E+14,AFTERMATH EAST B UNIT 304H,4230135015,6/27/2025,286.65,,122.08,121,677.2,112,998,0
1.00E+14,1.00E+14,AFTERMATH EAST B UNIT 304H,4230135015,6/26/2025,190,,52.79,52.25,538.71,150,1012,0
1.00E+14,1.00E+14,AFTERMATH EAST B UNIT 304H,4230135015,6/25/2025,197.47,,165.49,163.97,556.94,231,1036,0
1.00E+14,1.00E+14,AFTERMATH EAST B UNIT 304H,4230135015,6/24/2025,247.75,,195.77,194.26,652.3,195,1038,0
1.00E+14,1.00E+14,AFTERMATH EAST B UNIT 304H,4230135015,6/23/2025,235.21,,196.87,195.35,638.21,157,1039,0
1.00E+14,1.00E+14,AFTERMATH EAST B UNIT 304H,4230135015,6/22/2025,229.03,,211.22,209.65,660.92,170,1033,0
1.00E+14,1.00E+14,AFTERMATH EAST B UNIT 304H,4230135015,6/21/2025,263.94,,208.58,207.03,694.62,157,1035,0
1.00E+14,1.00E+14,AFTERMATH EAST B UNIT 304H,4230135015,6/20/2025,225.81,,194.84,193.37,712.13,240,1037,0
1.00E+14,1.00E+14,AFTERMATH EAST B UNIT 304H,4230135015,6/19/2025,214.65,,153.97,152.78,766.34,164,1032,0
1.00E+14,1.00E+14,AFTERMATH EAST B UNIT 304H,4230135015,6/18/2025,272.99,,144.28,143.14,745.99,175,1043,0
1.00E+14,1.00E+14,AFTERMATH EAST B UNIT 304H,4230135015,6/17/2025,244.37,,92.12,91.33,689.4,166,1027,2213.624
1.00E+14,1.00E+14,AFTERMATH EAST B UNIT 304H,4230135015,6/16/2025,235.23,,135.62,134.49,752.58,175,1047,2225.842083
1.00E+14,1.00E+14,AFTERMATH EAST B UNIT 304H,4230135015,6/15/2025,231.73,,60.27,59.54,601.32,111,1071,2429.056667
1.00E+14,1.00E+14,AFTERMATH EAST B UNIT 304H,4230135015,6/14/2025,295.81,,21.33,21.1,881.31,120,952,2392.58125
1.00E+14,1.00E+14,AFTERMATH EAST B UNIT 304H,4230135015,6/13/2025,276.85,,119.04,117.7,813.2,432,1044,2107.907917
1.00E+14,1.00E+14,AFTERMATH EAST B UNIT 304H,4230135015,6/12/2025,288.08,,216.41,214.2,778.78,128,1020,2025.033475
1.00E+14,1.00E+14,AFTERMATH EAST B UNIT 304H,4230135015,6/11/2025,281.55,,146.18,144.66,670.15,132,1016,2082.413208
1.00E+14,1.00E+14,AFTERMATH EAST B UNIT 304H,4230135015,6/10/2025,320.38,,44.27,43.83,846.69,123.17,991.56,2249.91625
1.00E+14,1.00E+14,AFTERMATH EAST B UNIT 304H,4230135015,6/9/2025,239.96,,110.93,109.62,459.04,163,1032,1939.035833
1.00E+14,1.00E+14,AFTERMATH EAST B UNIT 304H,4230135015,6/8/2025,296.61,,154.99,153.47,559.97,186,1039,1939.986667
1.00E+14,1.00E+14,AFTERMATH EAST B UNIT 304H,4230135015,6/7/2025,313.42,,148.61,147.09,655.96,163,1021,1955.617371
1.00E+14,1.00E+14,AFTERMATH EAST B UNIT 304H,4230135015,6/6/2025,763.89,,189.28,187.49,646.39,174,1022,1964.636639
1.00E+14,1.00E+14,AFTERMATH EAST B UNIT 304H,4230135015,6/5/2025,344.43,,231.72,229.51,663,142,1024,1999.798507
1.00E+14,1.00E+14,AFTERMATH EAST B UNIT 304H,4230135015,6/4/2025,168.25,,52.4,51.27,390.07,938,990,2180.954583
1.00E+14,1.00E+14,AFTERMATH EAST B UNIT 304H,4230135015,6/3/2025,259.16,,136.27,134.73,484.97,134,1014,1918.881877
1.00E+14,1.00E+14,AFTERMATH EAST B UNIT 304H,4230135015,6/2/2025,-116.46,,129.56,128.06,504.38,170,1041,1910.667083
1.00E+14,1.00E+14,AFTERMATH EAST B UNIT 304H,4230135015,6/1/2025,317.92,,189.75,187.94,633.86,167,1030,1910.74375
1.00E+14,1.00E+14,AFTERMATH EAST B UNIT 304H,4230135015,5/31/2025,326.67,,210.24,208.29,663.56,205,1036,1952.344059
1.00E+14,1.00E+14,AFTERMATH EAST B UNIT 304H,4230135015,5/30/2025,337.54,,220.68,218.56,672.93,136,1024,1996.27091
1.00E+14,1.00E+14,AFTERMATH EAST B UNIT 304H,4230135015,5/29/2025,324.69,,201.53,199.66,685.12,166,1037,2044.393333
1.00E+14,1.00E+14,AFTERMATH EAST B UNIT 304H,4230135015,5/28/2025,333.04,,188.9,187.11,693.49,150,1038,2054.682917
1.00E+14,1.00E+14,AFTERMATH EAST B UNIT 304H,4230135015,5/27/2025,332.26,,195.19,193.39,688.2,132,1039,2060.848332
1.00E+14,1.00E+14,AFTERMATH EAST B UNIT 304H,4230135015,5/26/2025,360.94,,196.01,194.26,787.84,157,1054,2075.399347
1.00E+14,1.00E+14,AFTERMATH EAST B UNIT 304H,4230135015,5/25/2025,337.64,,223.38,221.41,599.95,227,1079,2257.675
1.00E+14,1.00E+14,AFTERMATH EAST B UNIT 304H,4230135015,5/24/2025,321.05,,158.25,156.68,547.77,182,1052,2195.935
1.00E+14,1.00E+14,AFTERMATH EAST B UNIT 304H,4230135015,5/23/2025,373.87,,225.68,223.68,554.84,131,1064,2182.678833
1.00E+14,1.00E+14,AFTERMATH EAST B UNIT 304H,4230135015,5/22/2025,308.41,,210.4,208.56,551.29,222,1110,2293.128902
1.00E+14,1.00E+14,AFTERMATH EAST B UNIT 304H,4230135015,5/21/2025,331.48,,229.03,226.99,559.16,447,1083,2619.727735
1.00E+14,1.00E+14,AFTERMATH EAST B UNIT 304H,4230135015,5/20/2025,358.36,,180.74,179.19,569.72,126,1103,3291.030368
1.00E+14,1.00E+14,AFTERMATH EAST B UNIT 304H,4230135015,5/19/2025,294.93,,94.82,93.91,582.7,249,1090,3295.29432
1.00E+14,1.00E+14,AFTERMATH EAST B UNIT 304H,4230135015,5/18/2025,288.41,,69.04,68.36,556.34,113,1138,3259.992917
1.00E+14,1.00E+14,AFTERMATH EAST B UNIT 304H,4230135015,5/17/2025,233.72,,43.67,43.21,506.91,134,1074,3222.834649
1.00E+14,1.00E+14,AFTERMATH EAST B UNIT 304H,4230135015,5/16/2025,238.43,,20.77,20.53,508.21,553,1137,3192.505228
1.00E+14,1.00E+14,AFTERMATH EAST B UNIT 304H,4230135015,5/15/2025,783.63,,-5.2,0,1647.02,137,1011,3157.397083
1.00E+14,1.00E+14,AFTERMATH EAST B UNIT 304H,4230135015,5/14/2025,46.32,,-274.32,0,136.74,260.2,1009.91,3142.352658
1.00E+14,1.00E+14,AFTERMATH EAST B UNIT 304H,4230135015,5/13/2025,0,,0,0,0,433,1010,3045.684583
1.00E+14,1.00E+14,AFTERMATH EAST B UNIT 304H,4230135015,5/12/2025,157.72,,47.56,46.96,417.48,123,1025,2891.323333
1.00E+14,1.00E+14,AFTERMATH EAST B UNIT 304H,4230135015,5/11/2025,274.85,,98.63,97.57,447.9,230,1073,2630.670775
1.00E+14,1.00E+14,AFTERMATH EAST B UNIT 304H,4230135015,5/10/2025,197.62,,161.15,158.9,400.62,433,1127,2673.310236
1.00E+14,1.00E+14,AFTERMATH EAST B UNIT 304H,4230135015,5/9/2025,127.42,,58.67,57.73,303.8,478.6,1125.07,2932.014952
1.00E+14,1.00E+14,AFTERMATH EAST B UNIT 304H,4230135015,5/8/2025,248.78,,5.76,5.69,451.3,123,1105,3063.237917
1.00E+14,1.00E+14,AFTERMATH EAST B UNIT 304H,4230135015,5/7/2025,238.86,,2.27,2.25,514,124,1072,3033.802083
1.00E+14,1.00E+14,AFTERMATH EAST B UNIT 304H,4230135015,5/6/2025,207.81,,-24.21,0,460.34,153.79,1039.11,3015.23631
1.00E+14,1.00E+14,AFTERMATH EAST B UNIT 304H,4230135015,5/5/2025,227.4,,115.57,114.32,500.7,435,1031,2958.30158
1.00E+14,1.00E+14,AFTERMATH EAST B UNIT 304H,4230135015,5/4/2025,240.35,,79,77.82,497.86,400,1060,2892.862083
1.00E+14,1.00E+14,AFTERMATH EAST B UNIT 304H,4230135015,5/3/2025,247.23,,90.54,89.6,513.17,283,1055,2856.043401
1.00E+14,1.00E+14,AFTERMATH EAST B UNIT 304H,4230135015,5/2/2025,235.14,,88.03,87.03,494.92,407,1027,2820.952083
1.00E+14,1.00E+14,AFTERMATH EAST B UNIT 304H,4230135015,5/1/2025,225.99,,93.27,92.14,507.11,289,1001,2774.509583
1.00E+14,1.00E+14,AFTERMATH EAST B UNIT 304H,4230135015,4/30/2025,180.16,,97.61,95.32,512.92,278,1074,2719.62125
1.00E+14,1.00E+14,AFTERMATH EAST B UNIT 304H,4230135015,4/29/2025,225.31,,54.76,54.08,526.27,180,1003,2691.960833
1.00E+14,1.00E+14,AFTERMATH EAST B UNIT 304H,4230135015,4/28/2025,229.87,,83.34,82.32,518.14,145,1008,2637.109167
1.00E+14,1.00E+14,AFTERMATH EAST B UNIT 304H,4230135015,4/27/2025,235.78,,55.75,55.1,512,131,988,2574.980833
1.00E+14,1.00E+14,AFTERMATH EAST B UNIT 304H,4230135015,4/26/2025,225.86,,70.61,67.38,494.31,132,985,2496.6425
1.00E+14,1.00E+14,AFTERMATH EAST B UNIT 304H,4230135015,4/25/2025,266.62,,59.34,58.68,622.25,137,982,2399.616698
1.00E+14,1.00E+14,AFTERMATH EAST B UNIT 304H,4230135015,4/24/2025,216.48,,52.96,52.19,569.8,1066,1040,2266.044583
1.00E+14,1.00E+14,AFTERMATH EAST B UNIT 304H,4230135015,4/23/2025,224.92,,99.37,78.94,485.31,151,1010,1943.134167
1.00E+14,1.00E+14,AFTERMATH EAST B UNIT 304H,4230135015,4/22/2025,235.6,,182.88,180.51,477.79,186,1011,1961.390216
1.00E+14,1.00E+14,AFTERMATH EAST B UNIT 304H,4230135015,4/21/2025,184.2,,83.97,82.82,405.62,605,1004,2071.34875
1.00E+14,1.00E+14,AFTERMATH EAST B UNIT 304H,4230135015,4/20/2025,197.15,,131.33,129.64,455.04,157,1038,1956.805833
1.00E+14,1.00E+14,AFTERMATH EAST B UNIT 304H,4230135015,4/19/2025,173.6,,132.25,130.53,410,172,1007,1929.762083
1.00E+14,1.00E+14,AFTERMATH EAST B UNIT 304H,4230135015,4/18/2025,188.98,,108.89,107.52,436.3,126,1009,1892.001944
1.00E+14,1.00E+14,AFTERMATH EAST B UNIT 304H,4230135015,4/17/2025,172.59,,102.73,101.33,391.45,173,1011,1910.675395
1.00E+14,1.00E+14,AFTERMATH EAST B UNIT 304H,4230135015,4/16/2025,172.03,,119.07,117.62,388.4,196,1020,1948.799211
1.00E+14,1.00E+14,AFTERMATH EAST B UNIT 304H,4230135015,4/15/2025,153.85,,94.57,93.24,383.87,138,995,1887.20375
1.00E+14,1.00E+14,AFTERMATH EAST B UNIT 304H,4230135015,4/14/2025,152.22,,133.97,132.22,388.6,178,1004,1795.322145
1.00E+14,1.00E+14,AFTERMATH EAST B UNIT 304H,4230135015,4/13/2025,162.8,,150.94,149.11,409.49,177,1002,1788.406613
1.00E+14,1.00E+14,AFTERMATH EAST B UNIT 304H,4230135015,4/12/2025,170.83,,98.88,97.52,378.09,155,1005,1826.345333
1.00E+14,1.00E+14,AFTERMATH EAST B UNIT 304H,4230135015,4/11/2025,180.05,,126.14,124.52,428.32,158,1009,1850.760124
1.00E+14,1.00E+14,AFTERMATH EAST B UNIT 304H,4230135015,4/10/2025,162.94,,130.74,128.8,364.01,132,1057,2092.213613
1.00E+14,1.00E+14,AFTERMATH EAST B UNIT 304H,4230135015,4/9/2025,115.36,,-10.76,0,320.02,464.86,941.46,2301.74125
1.00E+14,1.00E+14,AFTERMATH EAST B UNIT 304H,4230135015,4/8/2025,114.83,,27.48,26.59,312.7,123,980,2082.41625
1.00E+14,1.00E+14,AFTERMATH EAST B UNIT 304H,4230135015,4/7/2025,164.09,,73.29,71.84,357.89,156,995,1719.826157
1.00E+14,1.00E+14,AFTERMATH EAST B UNIT 304H,4230135015,4/6/2025,139.15,,131.06,129.08,323.9,129,998,1684.056811
1.00E+14,1.00E+14,AFTERMATH EAST B UNIT 304H,4230135015,4/5/2025,140.7,,128.44,126.58,327.35,140,996,1662.91953
1.00E+14,1.00E+14,AFTERMATH EAST B UNIT 304H,4230135015,4/4/2025,129,,134.21,132.29,312.58,146,1000,1694.295309
1.00E+14,1.00E+14,AFTERMATH EAST B UNIT 304H,4230135015,4/3/2025,160.34,,137.19,135.46,363.83,175,1001,1699.514146
1.00E+14,1.00E+14,AFTERMATH EAST B UNIT 304H,4230135015,4/2/2025,172.68,,127.91,126.46,413.4,169,1003,1699.152733
1.00E+14,1.00E+14,AFTERMATH EAST B UNIT 304H,4230135015,4/1/2025,170.8,,110.28,108.98,406.64,155,1004,1716.566667
1.00E+14,1.00E+14,AFTERMATH EAST B UNIT 304H,4230135015,3/31/2025,177.38,,107.35,106.08,403.17,165,1000,1735.099891
1.00E+14,1.00E+14,AFTERMATH EAST B UNIT 304H,4230135015,3/30/2025,189.39,,105.71,104.46,445.38,157,998,1740.229108
1.00E+14,1.00E+14,AFTERMATH EAST B UNIT 304H,4230135015,3/29/2025,190.53,,116.62,115.28,454.44,174,1040,1734.257512
1.00E+14,1.00E+14,AFTERMATH EAST B UNIT 304H,4230135015,3/28/2025,170.94,,108.66,107.37,443.94,163,1004,1727.678106
1.00E+14,1.00E+14,AFTERMATH EAST B UNIT 304H,4230135015,3/27/2025,117.24,,106.64,105.39,446.73,148,1005,1729.351187
1.00E+14,1.00E+14,AFTERMATH EAST B UNIT 304H,4230135015,3/26/2025,217.38,,165.37,163.5,535.09,162,1008,1733.186997
1.00E+14,1.00E+14,AFTERMATH EAST B UNIT 304H,4230135015,3/25/2025,268.34,,165.42,163.49,0,160,1003,1741.525486
1.00E+14,1.00E+14,AFTERMATH EAST B UNIT 304H,4230135015,3/24/2025,263.37,,201.96,199.53,530.12,175,1003,1704.245833
1.00E+14,1.00E+14,AFTERMATH EAST B UNIT 304H,4230135015,3/23/2025,270.39,,197.65,195.42,534.1,159,1004,1712.405833
1.00E+14,1.00E+14,AFTERMATH EAST B UNIT 304H,4230135015,3/22/2025,282.9,,185.15,183.19,592.02,163,1003,1703.27125
1.00E+14,1.00E+14,AFTERMATH EAST B UNIT 304H,4230135015,3/21/2025,313.36,,198.12,196.17,634.57,145,1003,1704.456273
1.00E+14,1.00E+14,AFTERMATH EAST B UNIT 304H,4230135015,3/20/2025,332.37,,207.88,205.98,643.24,160,1006,1714.765417
1.00E+14,1.00E+14,AFTERMATH EAST B UNIT 304H,4230135015,3/19/2025,497.68,,240.75,238.74,794.49,154,1011,1724.058401
1.00E+14,1.00E+14,AFTERMATH EAST B UNIT 304H,4230135015,3/18/2025,838.67,,319.6,316.8,894,143,1007,1791.539432
1.00E+14,1.00E+14,AFTERMATH EAST B UNIT 304H,4230135015,3/17/2025,454.69,,220.61,217.48,514.97,239,989,2236.471865
1.00E+14,1.00E+14,AFTERMATH EAST B UNIT 304H,4230135015,3/16/2025,0,,0,0,0,126,982,2220.796436
1.00E+14,1.00E+14,AFTERMATH EAST B UNIT 304H,4230135015,3/15/2025,227.57,,11.54,11.31,551.93,197.97,965.09,2030.22774
1.00E+14,1.00E+14,AFTERMATH EAST B UNIT 304H,4230135015,3/14/2025,183.37,,425.43,416.44,309.74,134,988,1637.14125
1.00E+14,1.00E+14,AFTERMATH EAST B UNIT 304H,4230135015,3/13/2025,298.39,,546.96,539.65,561.46,155,988,1578.970833
1.00E+14,1.00E+14,AFTERMATH EAST B UNIT 304H,4230135015,3/12/2025,301.19,,427.49,415.81,514.61,148,1006,1602.43625
1.00E+14,1.00E+14,AFTERMATH EAST B UNIT 304H,4230135015,3/11/2025,269.12,,381.82,376.07,442.39,135,997,1636.476014
1.00E+14,1.00E+14,AFTERMATH EAST B UNIT 304H,4230135015,3/10/2025,266.58,,361.55,356.01,504.46,212,997,1637.841318
1.00E+14,1.00E+14,AFTERMATH EAST B UNIT 304H,4230135015,3/9/2025,295.75,,399.58,393.64,565.42,144,1001,1627.532333
1.00E+14,1.00E+14,AFTERMATH EAST B UNIT 304H,4230135015,3/8/2025,244.21,,306.17,301.43,454.19,150,999,1648.435024
1.00E+14,1.00E+14,AFTERMATH EAST B UNIT 304H,4230135015,3/7/2025,298.77,,513.26,505.66,443.6,193,1002,1673.010833
1.00E+14,1.00E+14,AFTERMATH EAST B UNIT 304H,4230135015,3/6/2025,288.12,,577.23,568.91,428.1,165,996,1723.282149
1.00E+14,1.00E+14,AFTERMATH EAST B UNIT 304H,4230135015,3/5/2025,226.12,,122.35,120.02,370,119,950,1875.76625
1.00E+14,1.00E+14,AFTERMATH EAST B UNIT 304H,4230135015,3/4/2025,243.04,,508.15,500.29,367.87,212,995,1597.537083
1.00E+14,1.00E+14,AFTERMATH EAST B UNIT 304H,4230135015,3/3/2025,310.45,,683.49,674.78,484.05,133,1002,1618.032887
1.00E+14,1.00E+14,AFTERMATH EAST B UNIT 304H,4230135015,3/2/2025,357.12,,591.44,583.52,423.99,133,1004,1696.338909
1.00E+14,1.00E+14,AFTERMATH EAST B UNIT 304H,4230135015,3/1/2025,342.68,,642.52,633.87,570.3,157.97,1002.77,1705.725331
1.00E+14,1.00E+14,AFTERMATH EAST B UNIT 304H,4230135015,2/28/2025,293.5,,805.53,794.56,477.74,150,1004,1693.594167
1.00E+14,1.00E+14,AFTERMATH EAST B UNIT 304H,4230135015,2/27/2025,280.63,,580.64,572.81,441.89,160,1000,1675.162955
1.00E+14,1.00E+14,AFTERMATH EAST B UNIT 304H,4230135015,2/26/2025,301.81,,503.84,497.1,518.57,165,1008,1694.320601
1.00E+14,1.00E+14,AFTERMATH EAST B UNIT 304H,4230135015,2/25/2025,317.12,,685.16,676.54,518.63,154,1004,1736.086667
1.00E+14,1.00E+14,AFTERMATH EAST B UNIT 304H,4230135015,2/24/2025,349.24,,632.67,624.68,521.4,156,1002,1735.710833
1.00E+14,1.00E+14,AFTERMATH EAST B UNIT 304H,4230135015,2/23/2025,325.36,,575.15,567.57,526.74,140,1003,1744.521811
1.00E+14,1.00E+14,AFTERMATH EAST B UNIT 304H,4230135015,2/22/2025,290.08,,535.22,527.93,475.05,164,1003,1733.173333
1.00E+14,1.00E+14,AFTERMATH EAST B UNIT 304H,4230135015,2/21/2025,257.35,,443.38,436.71,452.54,120,990,1736.878333
1.00E+14,1.00E+14,AFTERMATH EAST B UNIT 304H,4230135015,2/20/2025,305.05,,506.82,499.17,511.9,202,1007,1703.45625
1.00E+14,1.00E+14,AFTERMATH EAST B UNIT 304H,4230135015,2/19/2025,295.89,,280.52,273.54,518.22,1681,14,1713.282294
1.00E+14,1.00E+14,AFTERMATH EAST B UNIT 304H,4230135015,2/18/2025,339.44,,505.71,496.18,499.45,175,1012,1722.688456
1.00E+14,1.00E+14,AFTERMATH EAST B UNIT 304H,4230135015,2/17/2025,259,,566.23,556.22,357.8,173,1011,1748.30625
1.00E+14,1.00E+14,AFTERMATH EAST B UNIT 304H,4230135015,2/16/2025,256.2,,528.94,519.97,352.25,167,1022,1736.864481
1.00E+14,1.00E+14,AFTERMATH EAST B UNIT 304H,4230135015,2/15/2025,291.52,,532.17,523.57,458.56,148,1008,1744.113205
1.00E+14,1.00E+14,AFTERMATH EAST B UNIT 304H,4230135015,2/14/2025,271.3,,507.58,499.44,447.72,148,1008,1756.228781
1.00E+14,1.00E+14,AFTERMATH EAST B UNIT 304H,4230135015,2/13/2025,263.96,,490.36,482.47,414.9,169,1011,1763.917316
1.00E+14,1.00E+14,AFTERMATH EAST B UNIT 304H,4230135015,2/12/2025,175.42,,228.86,225.7,333.78,154,1010,1790.446857
1.00E+14,1.00E+14,AFTERMATH EAST B UNIT 304H,4230135015,2/11/2025,236.2,,192.17,190.2,407.9,152,1010,1803.93
1.00E+14,1.00E+14,AFTERMATH EAST B UNIT 304H,4230135015,2/10/2025,260.9,,184.04,182.44,408.9,179,1018,1817.199825
1.00E+14,1.00E+14,AFTERMATH EAST B UNIT 304H,4230135015,2/9/2025,190.8,,181.51,179.32,399.78,192,1014,1819.357266
1.00E+14,1.00E+14,AFTERMATH EAST B UNIT 304H,4230135015,2/8/2025,184.43,,213.66,211.1,350.61,191,1019,1849.220289
1.00E+14,1.00E+14,AFTERMATH EAST B UNIT 304H,4230135015,2/7/2025,192.3,,202.64,200.38,350.67,203,1046,2088.438737
1.00E+14,1.00E+14,AFTERMATH EAST B UNIT 304H,4230135015,2/6/2025,184.41,,92.14,90.74,373.37,187,994,2120.952918
1.00E+14,1.00E+14,AFTERMATH EAST B UNIT 304H,4230135015,2/5/2025,187.95,,159.55,157.46,287.85,318,1039,1995.766152
1.00E+14,1.00E+14,AFTERMATH EAST B UNIT 304H,4230135015,2/4/2025,176.7,,164.58,162.54,360.98,365,1040,1973.000509
1.00E+14,1.00E+14,AFTERMATH EAST B UNIT 304H,4230135015,2/3/2025,248.43,,175.9,174.55,461.02,279,1031,2070.050735
1.00E+14,1.00E+14,AFTERMATH EAST B UNIT 304H,4230135015,2/2/2025,280.46,,77.94,77.2,466.67,251.57,999.22,1901.959879
1.00E+14,1.00E+14,AFTERMATH EAST B UNIT 304H,4230135015,2/1/2025,281.89,,580.81,576.74,470.32,147,1008,1649.993004
1.00E+14,1.00E+14,AFTERMATH EAST B UNIT 304H,4230135015,1/31/2025,259.7,,263.14,260.95,464.99,147,1009,1660.21801
1.00E+14,1.00E+14,AFTERMATH EAST B UNIT 304H,4230135015,1/30/2025,241.25,,283.35,280.96,454.99,134,1019,1653.190869
1.00E+14,1.00E+14,AFTERMATH EAST B UNIT 304H,4230135015,1/29/2025,243.98,,325.12,322.22,441.85,162.07,1004.81,1656.069788
1.00E+14,1.00E+14,AFTERMATH EAST B UNIT 304H,4230135015,1/28/2025,200.08,,517.06,512.63,454.93,154,1005,1658.637739
1.00E+14,1.00E+14,AFTERMATH EAST B UNIT 304H,4230135015,1/27/2025,248.96,,280.99,278.59,362.01,144,1007,1664.151505
1.00E+14,1.00E+14,AFTERMATH EAST B UNIT 304H,4230135015,1/26/2025,252.4,,353.76,350.83,440.83,165.82,1007.77,1686.325657
1.00E+14,1.00E+14,AFTERMATH EAST B UNIT 304H,4230135015,1/25/2025,297.32,,313.57,311.04,390.72,170,1004,1665.565676
1.00E+14,1.00E+14,AFTERMATH EAST B UNIT 304H,4230135015,1/24/2025,320.86,,388.71,385.98,479.47,165,1006,1641.880881
1.00E+14,1.00E+14,AFTERMATH EAST B UNIT 304H,4230135015,1/23/2025,285.02,,442.3,437.86,652.66,164,1005,1621.843972
1.00E+14,1.00E+14,AFTERMATH EAST B UNIT 304H,4230135015,1/22/2025,239.44,,360.41,356.97,422.15,157,1002,1619.61938
1.00E+14,1.00E+14,AFTERMATH EAST B UNIT 304H,4230135015,1/21/2025,289.1,,467.11,463.1,419.71,204,1007,1631.320899
1.00E+14,1.00E+14,AFTERMATH EAST B UNIT 304H,4230135015,1/20/2025,237.95,,434.79,430.69,377.98,163.54,1006.33,1645.08759
1.00E+14,1.00E+14,AFTERMATH EAST B UNIT 304H,4230135015,1/19/2025,217.46,,420.88,416.9,367.78,164.41,1011.08,1673.681615
1.00E+14,1.00E+14,AFTERMATH EAST B UNIT 304H,4230135015,1/18/2025,232.32,,770.71,763.42,381.02,174,1009,1685.740848
1.00E+14,1.00E+14,AFTERMATH EAST B UNIT 304H,4230135015,1/17/2025,257.96,,408.04,404.3,406.55,163.45,1009.97,1685.682172
1.00E+14,1.00E+14,AFTERMATH EAST B UNIT 304H,4230135015,1/16/2025,265.17,,749.98,743.09,416.27,135,1009,1676.192208
1.00E+14,1.00E+14,AFTERMATH EAST B UNIT 304H,4230135015,1/15/2025,0,,0,0,0,175,1007,1664.108098
1.00E+14,1.00E+14,AFTERMATH EAST B UNIT 304H,4230135015,1/14/2025,299.4,,441.79,437.86,474.95,176,1010,1670.476615
1.00E+14,1.00E+14,AFTERMATH EAST B UNIT 304H,4230135015,1/13/2025,285.89,,438.84,434.89,445.26,141,1010,1658.500861
1.00E+14,1.00E+14,AFTERMATH EAST B UNIT 304H,4230135015,1/12/2025,243.28,,426.8,422.93,393.29,140,1013,1639.940477
1.00E+14,1.00E+14,AFTERMATH EAST B UNIT 304H,4230135015,1/11/2025,291.11,,399.21,395.86,462.61,183,1007,1625.894764
1.00E+14,1.00E+14,AFTERMATH EAST B UNIT 304H,4230135015,1/10/2025,302.99,,470.43,466.55,477.83,193,1006,1642.617829
1.00E+14,1.00E+14,AFTERMATH EAST B UNIT 304H,4230135015,1/9/2025,286.28,,465.12,461.71,445.89,146,1012,1655.077486
1.00E+14,1.00E+14,AFTERMATH EAST B UNIT 304H,4230135015,1/8/2025,332.32,,497.91,494.22,456.71,150,1013,1665.7075
1.00E+14,1.00E+14,AFTERMATH EAST B UNIT 304H,4230135015,1/7/2025,312.37,,518.19,514.26,475.05,143,1011,1667.941337
1.00E+14,1.00E+14,AFTERMATH EAST B UNIT 304H,4230135015,1/6/2025,316.5,,572.74,568.63,434.71,168,1006,1671.800684
1.00E+14,1.00E+14,AFTERMATH EAST B UNIT 304H,4230135015,1/5/2025,331.98,,645.01,640.87,480.11,166,1012,1682.816381
1.00E+14,1.00E+14,AFTERMATH EAST B UNIT 304H,4230135015,1/4/2025,259.26,,435.03,431.5,361.52,143,1015,1699.727844
1.00E+14,1.00E+14,AFTERMATH EAST B UNIT 304H,4230135015,1/3/2025,226.7,,370.72,367.59,333.13,146,1016,1710.608274
1.00E+14,1.00E+14,AFTERMATH EAST B UNIT 304H,4230135015,1/2/2025,229.32,,346.6,343.68,335.33,158,1013,1720.980191
1.00E+14,1.00E+14,AFTERMATH EAST B UNIT 304H,4230135015,1/1/2025,265.88,,434.63,431.58,411.84,173,1020,1741.687613
1.00E+14,1.00E+14,AFTERMATH EAST B UNIT 304H,4230135015,12/31/2024,254.47,,419.11,416.14,429.84,180,1016,1770.444377
1.00E+14,1.00E+14,AFTERMATH EAST B UNIT 304H,4230135015,12/30/2024,281.88,,451.04,447.56,418.93,181,1014,1807.290648
1.00E+14,1.00E+14,AFTERMATH EAST B UNIT 304H,4230135015,12/29/2024,295.62,,460.27,457.15,443.37,139,1034,1900.454639
1.00E+14,1.00E+14,AFTERMATH EAST B UNIT 304H,4230135015,12/28/2024,272.7,,433.16,429.78,396.97,155,1013,1727.39234
1.00E+14,1.00E+14,AFTERMATH EAST B UNIT 304H,4230135015,12/27/2024,221.26,,362.11,358.93,315.41,177,1009,1735.571024
1.00E+14,1.00E+14,AFTERMATH EAST B UNIT 304H,4230135015,12/26/2024,305.94,,618.6,614.61,461.18,171,1011,1667.896802
1.00E+14,1.00E+14,AFTERMATH EAST B UNIT 304H,4230135015,12/25/2024,336.1,,667.86,663.63,510.19,144,1011,1665.016191
1.00E+14,1.00E+14,AFTERMATH EAST B UNIT 304H,4230135015,12/24/2024,329.64,,758.27,753.57,515.92,174,1012,1667.860361
1.00E+14,1.00E+14,AFTERMATH EAST B UNIT 304H,4230135015,12/23/2024,240.91,,645.74,641.19,385.07,163,1012,1668.438352
1.00E+14,1.00E+14,AFTERMATH EAST B UNIT 304H,4230135015,12/22/2024,371.82,,804.35,799.29,609.07,189,1013,1669.556177
1.00E+14,1.00E+14,AFTERMATH EAST B UNIT 304H,4230135015,12/21/2024,347.08,,647.6,643.26,547.32,189,1017,1688.696681
1.00E+14,1.00E+14,AFTERMATH EAST B UNIT 304H,4230135015,12/20/2024,336.9,,663.08,658.67,530.8,177,1015,1705.99983
1.00E+14,1.00E+14,AFTERMATH EAST B UNIT 304H,4230135015,12/19/2024,356.87,,632.77,628.33,579.03,142,1023,1746.237247
1.00E+14,1.00E+14,AFTERMATH EAST B UNIT 304H,4230135015,12/18/2024,338.77,,625.75,621.82,551.1,143,1022,1785.062972
1.00E+14,1.00E+14,AFTERMATH EAST B UNIT 304H,4230135015,12/17/2024,340.45,,592.68,588.91,581.38,209,1025,1809.086906
1.00E+14,1.00E+14,AFTERMATH EAST B UNIT 304H,4230135015,12/16/2024,342.45,,604.35,600.54,600.15,185,1026,1836.896049
1.00E+14,1.00E+14,AFTERMATH EAST B UNIT 304H,4230135015,12/15/2024,290.17,,527.13,523.53,557.7,218,1040,1868.595608
1.00E+14,1.00E+14,AFTERMATH EAST B UNIT 304H,4230135015,12/14/2024,358.21,,391.36,388.58,531.72,119,961,2004.044276
1.00E+14,1.00E+14,AFTERMATH EAST B UNIT 304H,4230135015,12/13/2024,304.37,,507.71,504.17,523.14,187,1023,1833.098941
1.00E+14,1.00E+14,AFTERMATH EAST B UNIT 304H,4230135015,12/12/2024,338.25,,561.42,557.93,559.22,180,1040,1871.965733
1.00E+14,1.00E+14,AFTERMATH EAST B UNIT 304H,4230135015,12/11/2024,388.81,,568.03,564.4,641.81,194,1043,1900.698133
1.00E+14,1.00E+14,AFTERMATH EAST B UNIT 304H,4230135015,12/10/2024,350.24,,612.78,608.97,583.28,268,1056,2007.84638
1.00E+14,1.00E+14,AFTERMATH EAST B UNIT 304H,4230135015,12/9/2024,298,,158.94,157.79,494.56,117,989,2313.914682
1.00E+14,1.00E+14,AFTERMATH EAST B UNIT 304H,4230135015,12/8/2024,234.03,,331.87,322.23,422.62,158,1018,1820.567378
1.00E+14,1.00E+14,AFTERMATH EAST B UNIT 304H,4230135015,12/7/2024,341.78,,693.81,689.59,584.61,186,1016,1685.116568
1.00E+14,1.00E+14,AFTERMATH EAST B UNIT 304H,4230135015,12/6/2024,342,,729.82,725.37,592.42,172,1023,1693.598127
1.00E+14,1.00E+14,AFTERMATH EAST B UNIT 304H,4230135015,12/5/2024,353.99,,632.63,628.84,625.69,170,1027,1745.267484
1.00E+14,1.00E+14,AFTERMATH EAST B UNIT 304H,4230135015,12/4/2024,0,,0,0,0,198,1030,1809.308613
1.00E+14,1.00E+14,AFTERMATH EAST B UNIT 304H,4230135015,12/3/2024,299.9,,362.83,360.05,526.86,145,988,1924.150503
1.00E+14,1.00E+14,AFTERMATH EAST B UNIT 304H,4230135015,12/2/2024,343.23,,609.3,605.44,599.63,202,1024,1746.589858
1.00E+14,1.00E+14,AFTERMATH EAST B UNIT 304H,4230135015,12/1/2024,340.13,,604.84,601.01,607.19,181,1021,1790.004236
1.00E+14,1.00E+14,AFTERMATH EAST B UNIT 304H,4230135015,11/30/2024,372.49,,539.25,535.83,670.7,210,1039,1854.569101
1.00E+14,1.00E+14,AFTERMATH EAST B UNIT 304H,4230135015,11/29/2024,381.68,,474.55,471.52,700.93,153,1051,1912.266842
1.00E+14,1.00E+14,AFTERMATH EAST B UNIT 304H,4230135015,11/28/2024,332.92,,321.7,319.65,606.65,149,1055,1959.128028
1.00E+14,1.00E+14,AFTERMATH EAST B UNIT 304H,4230135015,11/27/2024,373.72,,392.31,389.84,786.36,219,1057,1995.331899
1.00E+14,1.00E+14,AFTERMATH EAST B UNIT 304H,4230135015,11/26/2024,475.41,,445.11,442.33,817.76,244,1068,2097.996714
1.00E+14,1.00E+14,AFTERMATH EAST B UNIT 304H,4230135015,11/25/2024,383.18,,174.46,173.2,732.76,1005,1016,2513.961667
1.00E+14,1.00E+14,AFTERMATH EAST B UNIT 304H,4230135015,11/24/2024,363.53,,275.79,254.41,702.04,143,1059,2109.094167
1.00E+14,1.00E+14,AFTERMATH EAST B UNIT 304H,4230135015,11/23/2024,434.78,,280.88,278.96,833.96,478,1028,2501.788
1.00E+14,1.00E+14,AFTERMATH EAST B UNIT 304H,4230135015,11/22/2024,332.67,,109.2,108.29,658.84,258.14,918.09,2566.950417
1.00E+14,1.00E+14,AFTERMATH EAST B UNIT 304H,4230135015,11/21/2024,290.18,,83.31,82.5,601.51,292.66,930.06,2251.117917
1.00E+14,1.00E+14,AFTERMATH EAST B UNIT 304H,4230135015,11/20/2024,361.78,,598.79,588.94,701.64,209,1029,1764.829167
1.00E+14,1.00E+14,AFTERMATH EAST B UNIT 304H,4230135015,11/19/2024,436.07,,363.17,360.85,838.05,179,1026,1829.92509
1.00E+14,1.00E+14,AFTERMATH EAST B UNIT 304H,4230135015,11/18/2024,449.52,,421.17,418.33,924.17,197,1036,1856.553404
1.00E+14,1.00E+14,AFTERMATH EAST B UNIT 304H,4230135015,11/17/2024,374.11,,398.98,0,786.61,175,1031,1844.390417
1.00E+14,1.00E+14,AFTERMATH EAST B UNIT 304H,4230135015,11/16/2024,386.83,,489.83,0,752.46,174,1038,1836.176348
1.00E+14,1.00E+14,AFTERMATH EAST B UNIT 304H,4230135015,11/15/2024,295.47,,385.05,0,611.87,159,1039,1854.708453
1.00E+14,1.00E+14,AFTERMATH EAST B UNIT 304H,4230135015,11/14/2024,356.8,,420.28,0,729.58,164,1033,1837.936667
1.00E+14,1.00E+14,AFTERMATH EAST B UNIT 304H,4230135015,11/13/2024,433.45,,572.54,0,878.55,163,1039,1852.056773
1.00E+14,1.00E+14,AFTERMATH EAST B UNIT 304H,4230135015,11/12/2024,489.88,,579.42,0,979.92,130,1038,1864.643115
1.00E+14,1.00E+14,AFTERMATH EAST B UNIT 304H,4230135015,11/11/2024,441.51,,657.31,0,929.24,138,1047,1873.541944
1.00E+14,1.00E+14,AFTERMATH EAST B UNIT 304H,4230135015,11/10/2024,338.54,,492.88,0,802.47,151,1050,1912.628358
1.00E+14,1.00E+14,AFTERMATH EAST B UNIT 304H,4230135015,11/9/2024,509.57,,570.95,0,887.54,171,1060,1952.647785
1.00E+14,1.00E+14,AFTERMATH EAST B UNIT 304H,4230135015,11/8/2024,448.2,,508.21,0,949.77,165,1058,2013.934477
1.00E+14,1.00E+14,AFTERMATH EAST B UNIT 304H,4230135015,11/7/2024,470.69,,436.35,0,859.62,181,1055,2052.454167
1.00E+14,1.00E+14,AFTERMATH EAST B UNIT 304H,4230135015,11/6/2024,511.26,,421,0,902.02,176,1096,2241.663898
1.00E+14,1.00E+14,AFTERMATH EAST B UNIT 304H,4230135015,11/5/2024,295,,280.99,0,876.02,199,1056,2187.872083
1.00E+14,1.00E+14,AFTERMATH EAST B UNIT 304H,4230135015,11/4/2024,387.63,,630.57,0,1062.61,243,1059,2019.7625
1.00E+14,1.00E+14,AFTERMATH EAST B UNIT 304H,4230135015,11/3/2024,397.01,,529.14,0,958.05,207,1061,2059.471822
1.00E+14,1.00E+14,AFTERMATH EAST B UNIT 304H,4230135015,11/2/2024,436.18,,685.7,0,1058.09,223,1066,2086.216655
1.00E+14,1.00E+14,AFTERMATH EAST B UNIT 304H,4230135015,11/1/2024,449.14,,527.74,0,1117.9,207,1075,2152.295649
1.00E+14,1.00E+14,AFTERMATH EAST B UNIT 304H,4230135015,10/31/2024,360.87,,390.83,0,1405.61,226,1077,2366.103556
1.00E+14,1.00E+14,AFTERMATH EAST B UNIT 304H,4230135015,10/30/2024,702.11,,555.35,0,1851.23,123,1026,2351.242083
1.00E+14,1.00E+14,AFTERMATH EAST B UNIT 304H,4230135015,10/29/2024,522.59,,830.18,815.66,897.56,206,1081,2207.415372
1.00E+14,1.00E+14,AFTERMATH EAST B UNIT 304H,4230135015,10/28/2024,463.33,,706.04,692.59,882.99,226,1105,2286.857163
1.00E+14,1.00E+14,AFTERMATH EAST B UNIT 304H,4230135015,10/27/2024,472.02,,377.38,369.94,848.93,312,1189,2674.523608
1.00E+14,1.00E+14,AFTERMATH EAST B UNIT 304H,4230135015,10/26/2024,326.49,,304.03,296.56,696.66,188,1129,2533.732083
1.00E+14,1.00E+14,AFTERMATH EAST B UNIT 304H,4230135015,10/25/2024,631.83,,779.46,770.09,1193.68,156,1179,2657.622472
1.00E+14,1.00E+14,AFTERMATH EAST B UNIT 304H,4230135015,10/24/2024,726.21,,760.22,751.6,1239.2,120,1072,3572.893451
1.00E+14,1.00E+14,AFTERMATH EAST B UNIT 304H,4230135015,10/23/2024,447.94,,461.16,453.83,1074.18,123,1082,3772.308333
1.00E+14,1.00E+14,AFTERMATH EAST B UNIT 304H,4230135015,10/22/2024,438.57,,436.34,429.25,1093.25,123,1090,3725.065833
1.00E+14,1.00E+14,AFTERMATH EAST B UNIT 304H,4230135015,10/21/2024,429.92,,417.37,0,1061.2,123,1100,3673.2925
1.00E+14,1.00E+14,AFTERMATH EAST B UNIT 304H,4230135015,10/20/2024,415.13,,412.3,405.45,1090.32,121,1092,3619.6925
1.00E+14,1.00E+14,AFTERMATH EAST B UNIT 304H,4230135015,10/19/2024,413.54,,375.75,368.98,1082.98,121,1105,3561.644167
1.00E+14,1.00E+14,AFTERMATH EAST B UNIT 304H,4230135015,10/18/2024,390.4,,362.45,355.86,1100.58,119,1120,3495.430417
1.00E+14,1.00E+14,AFTERMATH EAST B UNIT 304H,4230135015,10/17/2024,388.89,,-63.97,0,1108.68,124,1120,3419.648333
1.00E+14,1.00E+14,AFTERMATH EAST B UNIT 304H,4230135015,10/16/2024,396.86,,291.28,285.48,1130.11,122,1111,3335.697917
1.00E+14,1.00E+14,AFTERMATH EAST B UNIT 304H,4230135015,10/15/2024,392.86,,221.28,217.17,1118.69,121,1122,3253.314167
1.00E+14,1.00E+14,AFTERMATH EAST B UNIT 304H,4230135015,10/14/2024,511.82,,98.01,96.11,1158.21,120,1068,3157.5975
1.00E+14,1.00E+14,AFTERMATH EAST B UNIT 304H,4230135015,10/13/2024,600.85,,376.03,370.27,1150.3,121,1092,3058.436667
1.00E+14,1.00E+14,AFTERMATH EAST B UNIT 304H,4230135015,10/12/2024,572.54,,157.09,155.05,1235.32,120,1020,2940.997917
1.00E+14,1.00E+14,AFTERMATH EAST B UNIT 304H,4230135015,10/11/2024,582.15,,189.06,186.61,1273.37,120,1028,2827.932083
1.00E+14,1.00E+14,AFTERMATH EAST B UNIT 304H,4230135015,10/10/2024,466.24,,-10.07,0,1068.59,124.06,999.54,2640.327955
1.00E+14,1.00E+14,AFTERMATH EAST B UNIT 304H,4230135015,10/9/2024,304.01,,271.89,265.25,1069.92,136.85,1007.72,2210.819583
1.00E+14,1.00E+14,AFTERMATH EAST B UNIT 304H,4230135015,10/8/2024,532.33,,146.67,0,1096.61,155,1038,2023.78777
1.00E+14,1.00E+14,AFTERMATH EAST B UNIT 304H,4230135015,10/7/2024,568.5,,454.81,448.43,1300.57,135,1040,2058.7625
1.00E+14,1.00E+14,AFTERMATH EAST B UNIT 304H,4230135015,10/6/2024,372.16,,293.57,289.43,991.29,148,1041,2122.542683
1.00E+14,1.00E+14,AFTERMATH EAST B UNIT 304H,4230135015,10/5/2024,362.9,,92.6,91.15,946.28,138,1006,2302.135463
1.00E+14,1.00E+14,AFTERMATH EAST B UNIT 304H,4230135015,10/4/2024,405.67,,78.88,76.87,929.44,377,1064,2158.846265
1.00E+14,1.00E+14,AFTERMATH EAST B UNIT 304H,4230135015,10/3/2024,416.24,,260.76,257.63,903.49,206,1053,1918.112861
1.00E+14,1.00E+14,AFTERMATH EAST B UNIT 304H,4230135015,10/2/2024,424.05,,309.71,306.34,915.04,174,1044,1937.37875
1.00E+14,1.00E+14,AFTERMATH EAST B UNIT 304H,4230135015,10/1/2024,369.24,,352.52,348.78,794.65,152,1046,1956.316163
1.00E+14,1.00E+14,AFTERMATH EAST B UNIT 304H,4230135015,9/30/2024,356.97,,340.12,336.55,728.23,175,1045,1942.011322
1.00E+14,1.00E+14,AFTERMATH EAST B UNIT 304H,4230135015,9/29/2024,339.53,,459.35,454.48,681.77,159,1044,1975.140091
1.00E+14,1.00E+14,AFTERMATH EAST B UNIT 304H,4230135015,9/28/2024,328.6,,427.5,422.96,674.28,169.15,1048.59,1982.222083
1.00E+14,1.00E+14,AFTERMATH EAST B UNIT 304H,4230135015,9/27/2024,404.34,,511.64,507.18,805.54,185,1052,1988.44125
1.00E+14,1.00E+14,AFTERMATH EAST B UNIT 304H,4230135015,9/26/2024,414.49,,365.41,362.32,821.09,160,1057,2018.349167
1.00E+14,1.00E+14,AFTERMATH EAST B UNIT 304H,4230135015,9/25/2024,384.1,,289.14,286.36,746.73,182,1063,2056.312917
1.00E+14,1.00E+14,AFTERMATH EAST B UNIT 304H,4230135015,9/24/2024,371.8,,347.73,344.6,741.06,193,1065,2027.459066
1.00E+14,1.00E+14,AFTERMATH EAST B UNIT 304H,4230135015,9/23/2024,410.63,,363.83,360.72,848.89,187,1071,2055.063323
1.00E+14,1.00E+14,AFTERMATH EAST B UNIT 304H,4230135015,9/22/2024,435.25,,281.19,278.78,826.03,188,1083,2093.885
1.00E+14,1.00E+14,AFTERMATH EAST B UNIT 304H,4230135015,9/21/2024,339.09,,292.81,290.31,823.97,205,1081,2137.906196
1.00E+14,1.00E+14,AFTERMATH EAST B UNIT 304H,4230135015,9/20/2024,287.89,,114.76,113.75,486.02,160,1097,2202.006721
1.00E+14,1.00E+14,AFTERMATH EAST B UNIT 304H,4230135015,9/19/2024,346.13,,101.97,101.05,557.29,163,1114,2309.784028
1.00E+14,1.00E+14,AFTERMATH EAST B UNIT 304H,4230135015,9/18/2024,374.44,,100.14,99.24,578.81,248,1137,2467.354401
1.00E+14,1.00E+14,AFTERMATH EAST B UNIT 304H,4230135015,9/17/2024,634.91,,57.36,56.75,488.78,279,1115,2856.062135
1.00E+14,1.00E+14,AFTERMATH EAST B UNIT 304H,4230135015,9/16/2024,104.48,,191.16,188.4,813.41,145,1141,2754.927125
1.00E+14,1.00E+14,AFTERMATH EAST B UNIT 304H,4230135015,9/15/2024,444.94,,190.54,185.26,844.54,135,1067,3566.194245
1.00E+14,1.00E+14,AFTERMATH EAST B UNIT 304H,4230135015,9/14/2024,385.82,,36.83,36.55,744.54,123,1039,3639.25375
1.00E+14,1.00E+14,AFTERMATH EAST B UNIT 304H,4230135015,9/13/2024,351.81,,62.93,62.26,811.17,126,1080,3549.55
1.00E+14,1.00E+14,AFTERMATH EAST B UNIT 304H,4230135015,9/12/2024,485.71,,71.84,71.19,905.2,135,1057,3446.810417
1.00E+14,1.00E+14,AFTERMATH EAST B UNIT 304H,4230135015,9/11/2024,468.13,,80.62,0,855.09,131,1064,3272.257917
1.00E+14,1.00E+14,AFTERMATH EAST B UNIT 304H,4230135015,9/10/2024,332.95,,30.48,0,658.36,1521,1374,2932.754583
1.00E+14,1.00E+14,AFTERMATH EAST B UNIT 304H,4230135015,9/9/2024,429.64,,205.39,0,766.15,146,1175,2657.452986
1.00E+14,1.00E+14,AFTERMATH EAST B UNIT 304H,4230135015,9/8/2024,422.12,,142.18,141.11,780.05,128,1108,3513.047192
1.00E+14,1.00E+14,AFTERMATH EAST B UNIT 304H,4230135015,9/7/2024,311.13,,107.66,106.7,660.82,140,1067,3465.949521
1.00E+14,1.00E+14,AFTERMATH EAST B UNIT 304H,4230135015,9/6/2024,392,,25.39,25.16,652.17,469,1026,3399.11375
1.00E+14,1.00E+14,AFTERMATH EAST B UNIT 304H,4230135015,9/5/2024,289.89,,77.12,76.4,608.99,302,1136,3255.855833
1.00E+14,1.00E+14,AFTERMATH EAST B UNIT 304H,4230135015,9/4/2024,351.74,,99.2,98.42,711.66,339,1062,3117.252808
1.00E+14,1.00E+14,AFTERMATH EAST B UNIT 304H,4230135015,9/3/2024,298.46,,31.43,31.09,629.38,233.84,1039.67,2952.420833
1.00E+14,1.00E+14,AFTERMATH EAST B UNIT 304H,4230135015,9/2/2024,142.24,,33.44,32.69,408.9,246.44,1025.46,2534.457917
1.00E+14,1.00E+14,AFTERMATH EAST B UNIT 304H,4230135015,9/1/2024,289.5,,177.4,175.94,523.04,134,1079,2110.92125
1.00E+14,1.00E+14,AFTERMATH EAST B UNIT 304H,4230135015,8/31/2024,360.89,,155.18,154.04,755.91,179,1090,2174.732122
1.00E+14,1.00E+14,AFTERMATH EAST B UNIT 304H,4230135015,8/30/2024,378.54,,150.41,149.32,745.99,248,1097,2268.751302
1.00E+14,1.00E+14,AFTERMATH EAST B UNIT 304H,4230135015,8/29/2024,426.37,,167.35,166.19,808.74,156,1119,2439.740833
1.00E+14,1.00E+14,AFTERMATH EAST B UNIT 304H,4230135015,8/28/2024,410.43,,137.11,136.1,813.92,125,1128,3011.342639
1.00E+14,1.00E+14,AFTERMATH EAST B UNIT 304H,4230135015,8/27/2024,362.02,,93.07,92.26,712.07,124,1039,2663.049583
1.00E+14,1.00E+14,AFTERMATH EAST B UNIT 304H,4230135015,8/26/2024,427.84,,169.51,168.32,762.68,210,1146,2759.856641
1.00E+14,1.00E+14,AFTERMATH EAST B UNIT 304H,4230135015,8/25/2024,435.62,,164.67,163.42,693.46,254,1175,2769.04625
1.00E+14,1.00E+14,AFTERMATH EAST B UNIT 304H,4230135015,8/24/2024,431.62,,118.24,117.35,843.99,123,1115,3516.271862
1.00E+14,1.00E+14,AFTERMATH EAST B UNIT 304H,4230135015,8/23/2024,224.03,,1.71,1.69,614.07,120,1093,3496.089167
1.00E+14,1.00E+14,AFTERMATH EAST B UNIT 304H,4230135015,8/22/2024,303.36,,38.52,38.04,694.9,350,1154,3403.83375
1.00E+14,1.00E+14,AFTERMATH EAST B UNIT 304H,4230135015,8/21/2024,326.98,,144.72,143.35,817.69,127,1109,3298.147917
1.00E+14,1.00E+14,AFTERMATH EAST B UNIT 304H,4230135015,8/20/2024,369.71,,152.05,150.56,1090.98,123,1109,3180.985
1.00E+14,1.00E+14,AFTERMATH EAST B UNIT 304H,4230135015,8/19/2024,327.21,,81.6,79.96,780.36,184.97,1078.9,3061.894167
1.00E+14,1.00E+14,AFTERMATH EAST B UNIT 304H,4230135015,8/18/2024,256.79,,231.32,228.01,558.28,121,1078,2909.323333
1.00E+14,1.00E+14,AFTERMATH EAST B UNIT 304H,4230135015,8/17/2024,214,,41.67,40.94,497.29,119,994,2734.544177
1.00E+14,1.00E+14,AFTERMATH EAST B UNIT 304H,4230135015,8/16/2024,253.44,,130.88,128.94,459.4,280,1096,2440.66625
1.00E+14,1.00E+14,AFTERMATH EAST B UNIT 304H,4230135015,8/15/2024,123.88,,40.4,38.69,426.69,212,1014,2245.0175
1.00E+14,1.00E+14,AFTERMATH EAST B UNIT 304H,4230135015,8/14/2024,291.65,,430.76,426.87,574.71,153,1058,1954.026667
1.00E+14,1.00E+14,AFTERMATH EAST B UNIT 304H,4230135015,8/13/2024,408.8,,438.28,434.39,843.03,205,1057,1968.322731
1.00E+14,1.00E+14,AFTERMATH EAST B UNIT 304H,4230135015,8/12/2024,431.04,,286.99,284.44,840.15,203,1060,1988.08375
1.00E+14,1.00E+14,AFTERMATH EAST B UNIT 304H,4230135015,8/11/2024,443.69,,260,257.44,841.55,186,1067,2007.86125
1.00E+14,1.00E+14,AFTERMATH EAST B UNIT 304H,4230135015,8/10/2024,428.41,,264.58,262.31,823.84,177,1059,2012.967083
1.00E+14,1.00E+14,AFTERMATH EAST B UNIT 304H,4230135015,8/9/2024,456.13,,290.65,288.28,826.65,168,1070,2003.178367
1.00E+14,1.00E+14,AFTERMATH EAST B UNIT 304H,4230135015,8/8/2024,252.4,,149.7,148.25,650.14,269,1064,2035.782862
1.00E+14,1.00E+14,AFTERMATH EAST B UNIT 304H,4230135015,8/7/2024,360.95,,236.17,233.66,602.51,189,1075,2082.645004
1.00E+14,1.00E+14,AFTERMATH EAST B UNIT 304H,4230135015,8/6/2024,310.64,,328.34,324.74,643.73,136,1089,2180.389235
1.00E+14,1.00E+14,AFTERMATH EAST B UNIT 304H,4230135015,8/5/2024,301.04,,307.47,303.85,637.59,258,1088,2395.617316
1.00E+14,1.00E+14,AFTERMATH EAST B UNIT 304H,4230135015,8/4/2024,165.6,,138.37,132.24,306.18,156,1093,2360.295368
1.00E+14,1.00E+14,AFTERMATH EAST B UNIT 304H,4230135015,8/3/2024,445.66,,343.04,340.25,815.59,233,1097,2201.367491
1.00E+14,1.00E+14,AFTERMATH EAST B UNIT 304H,4230135015,8/2/2024,392.98,,624.52,619.28,533.55,133,1112,2282.690784
1.00E+14,1.00E+14,AFTERMATH EAST B UNIT 304H,4230135015,8/1/2024,408.66,,615.87,610.64,596.18,173.73,1115.68,2387.874018
1.00E+14,1.00E+14,AFTERMATH EAST B UNIT 304H,4230135015,7/31/2024,347.78,,586.37,581.35,572.06,193,1117,2470.757645
1.00E+14,1.00E+14,AFTERMATH EAST B UNIT 304H,4230135015,7/30/2024,401.48,,712.77,706.69,589.24,187.48,1140.55,2582.682808
1.00E+14,1.00E+14,AFTERMATH EAST B UNIT 304H,4230135015,7/29/2024,464.59,,958.22,950.43,588.7,208,1172,2883.507872
1.00E+14,1.00E+14,AFTERMATH EAST B UNIT 304H,4230135015,7/28/2024,399.85,,389.77,384.44,522.51,107,1047,3571.808529
1.00E+14,1.00E+14,AFTERMATH EAST B UNIT 304H,4230135015,7/27/2024,330.83,,297.53,294.6,466.38,130,1044,3534.612328
1.00E+14,1.00E+14,AFTERMATH EAST B UNIT 304H,4230135015,7/26/2024,342.48,,258.81,256.28,457.28,123,1123,3316.743337
1.00E+14,1.00E+14,AFTERMATH EAST B UNIT 304H,4230135015,7/25/2024,329.02,,344.9,341.29,455.14,184,1112,2938.1375
1.00E+14,1.00E+14,AFTERMATH EAST B UNIT 304H,4230135015,7/24/2024,398.42,,586.25,580.64,545.15,182.14,1123.98,2723.719909
1.00E+14,1.00E+14,AFTERMATH EAST B UNIT 304H,4230135015,7/23/2024,394.26,,983.81,976.57,562.93,190,1130,3363.547024
1.00E+14,1.00E+14,AFTERMATH EAST B UNIT 304H,4230135015,7/22/2024,368.94,,391.57,387.6,508.16,182,1114,3735.737083
1.00E+14,1.00E+14,AFTERMATH EAST B UNIT 304H,4230135015,7/21/2024,355.03,,358.35,354.89,493.64,230,1106,3653.94875
1.00E+14,1.00E+14,AFTERMATH EAST B UNIT 304H,4230135015,7/20/2024,358.56,,380.84,377.41,476.35,155,1139,3550.5775
1.00E+14,1.00E+14,AFTERMATH EAST B UNIT 304H,4230135015,7/19/2024,327.4,,367.88,364.51,479.1,138,1128,3417.61125
1.00E+14,1.00E+14,AFTERMATH EAST B UNIT 304H,4230135015,7/18/2024,347.24,,345.25,341.96,472.57,159.51,1108.81,3255.38125
1.00E+14,1.00E+14,AFTERMATH EAST B UNIT 304H,4230135015,7/17/2024,330.83,,944.07,935.06,460.27,197,1074,3076.5
1.00E+14,1.00E+14,AFTERMATH EAST B UNIT 304H,4230135015,7/16/2024,341.01,,455.69,451.28,480.68,353,1065,2829.500417
1.00E+14,1.00E+14,AFTERMATH EAST B UNIT 304H,4230135015,7/15/2024,347.63,,456.41,451.4,463.89,121,1084,2274.42225
1.00E+14,1.00E+14,AFTERMATH EAST B UNIT 304H,4230135015,7/14/2024,481.57,,676.26,666.03,568.88,173,1102,2181.645913
1.00E+14,1.00E+14,AFTERMATH EAST B UNIT 304H,4230135015,7/13/2024,479.84,,687.16,678.8,614.04,176,1107,2214.84965
1.00E+14,1.00E+14,AFTERMATH EAST B UNIT 304H,4230135015,7/12/2024,473,,204.27,0,624.46,171,1111,2259.069583
1.00E+14,1.00E+14,AFTERMATH EAST B UNIT 304H,4230135015,7/11/2024,475.93,,702.79,697.27,678.23,164,1123,2348.608333
1.00E+14,1.00E+14,AFTERMATH EAST B UNIT 304H,4230135015,7/10/2024,548,,711.24,705.68,743.32,172,1136,2479.676781
1.00E+14,1.00E+14,AFTERMATH EAST B UNIT 304H,4230135015,7/9/2024,557.09,,735.99,0,726.87,165,1161,2680.82991
1.00E+14,1.00E+14,AFTERMATH EAST B UNIT 304H,4230135015,7/8/2024,507.83,,591.86,586.44,631.78,139,1144,3354.948218
1.00E+14,1.00E+14,AFTERMATH EAST B UNIT 304H,4230135015,7/7/2024,419.99,,416.33,0,544.93,147,1122,3526.29875
1.00E+14,1.00E+14,AFTERMATH EAST B UNIT 304H,4230135015,7/6/2024,269.35,,377.97,0,478.6,119,987,3361.934583
1.00E+14,1.00E+14,AFTERMATH EAST B UNIT 304H,4230135015,7/5/2024,384.73,,488.48,0,456.95,118.47,1009.37,3077.571667
1.00E+14,1.00E+14,AFTERMATH EAST B UNIT 304H,4230135015,7/4/2024,287.35,,531.01,524.52,340.38,238,1118,2461.637917
1.00E+14,1.00E+14,AFTERMATH EAST B UNIT 304H,4230135015,7/3/2024,403.5,,575.71,570.74,600.85,204,1123,2490.925021
1.00E+14,1.00E+14,AFTERMATH EAST B UNIT 304H,4230135015,7/2/2024,506.14,,597.06,591.93,601.84,305,1174,2928.168495
1.00E+14,1.00E+14,AFTERMATH EAST B UNIT 304H,4230135015,7/1/2024,492.98,,403.8,399.92,544.43,336,1077,3111.46875
1.00E+14,1.00E+14,AFTERMATH EAST B UNIT 304H,4230135015,6/30/2024,410.27,,-249.7,0,510.15,325,1134,2677.452083
1.00E+14,1.00E+14,AFTERMATH EAST B UNIT 304H,4230135015,6/29/2024,475.39,,663.41,656.62,641.97,170,1165,2744.84112
1.00E+14,1.00E+14,AFTERMATH EAST B UNIT 304H,4230135015,6/28/2024,302.98,,446.16,441.33,443.1,246,1100,2483.966667
1.00E+14,1.00E+14,AFTERMATH EAST B UNIT 304H,4230135015,6/27/2024,328.03,,776.9,770.96,581.55,172,1109,2344.974167
1.00E+14,1.00E+14,AFTERMATH EAST B UNIT 304H,4230135015,6/26/2024,410.53,,710.5,704.87,598.1,182,1122,2412.095979
1.00E+14,1.00E+14,AFTERMATH EAST B UNIT 304H,4230135015,6/25/2024,550.82,,889.39,882.49,708.54,234,1124,2465.887937
1.00E+14,1.00E+14,AFTERMATH EAST B UNIT 304H,4230135015,6/24/2024,528.96,,1119.28,1100.22,841.26,178,1135,2510.207083
1.00E+14,1.00E+14,AFTERMATH EAST B UNIT 304H,4230135015,6/23/2024,538.23,,1195.07,0,1004.12,241,1166,2601.993616
1.00E+14,1.00E+14,AFTERMATH EAST B UNIT 304H,4230135015,6/22/2024,419.38,,914.12,904.51,1332.11,220,1204,2786.163976
1.00E+14,1.00E+14,AFTERMATH EAST B UNIT 304H,4230135015,6/21/2024,303.15,,508.27,500.65,540.11,378.04,1173.13,3047.878717
1.00E+14,1.00E+14,AFTERMATH EAST B UNIT 304H,4230135015,6/20/2024,444.68,,1050.6,982.69,723.86,211,1176,2907.293237
1.00E+14,1.00E+14,AFTERMATH EAST B UNIT 304H,4230135015,6/19/2024,427.39,,918.03,910.52,887.11,215,1183,2993.921618
1.00E+14,1.00E+14,AFTERMATH EAST B UNIT 304H,4230135015,6/18/2024,428.38,,481.6,477.14,734.58,145,1136,3703.452078
1.00E+14,1.00E+14,AFTERMATH EAST B UNIT 304H,4230135015,6/17/2024,411.5,,406.44,401.85,660.53,150,1168,3218.672927
1.00E+14,1.00E+14,AFTERMATH EAST B UNIT 304H,4230135015,6/16/2024,479.4,,613.18,607.39,617.82,211,1176,3063.581274
1.00E+14,1.00E+14,AFTERMATH EAST B UNIT 304H,4230135015,6/15/2024,418.5,,511.96,506.7,548.23,276,1145,3689.956218
1.00E+14,1.00E+14,AFTERMATH EAST B UNIT 304H,4230135015,6/14/2024,298.25,,358.22,350.85,540.65,365,1194,3280.864583
1.00E+14,1.00E+14,AFTERMATH EAST B UNIT 304H,4230135015,6/13/2024,478.55,,725.12,718.47,630.32,240,1175,3097.544774
1.00E+14,1.00E+14,AFTERMATH EAST B UNIT 304H,4230135015,6/12/2024,562.6,,696.63,690.2,710.99,774,1189,3760.333893
1.00E+14,1.00E+14,AFTERMATH EAST B UNIT 304H,4230135015,6/11/2024,191.03,,298.04,290.91,251.9,414,1086,4403.0325
1.00E+14,1.00E+14,AFTERMATH EAST B UNIT 304H,4230135015,6/10/2024,316.92,,530.39,500.81,443.75,147,1039,4276.564167
1.00E+14,1.00E+14,AFTERMATH EAST B UNIT 304H,4230135015,6/9/2024,317.58,,547.41,541.97,450.85,374,1083,3919.77625
1.00E+14,1.00E+14,AFTERMATH EAST B UNIT 304H,4230135015,6/8/2024,430.26,,685.82,679.51,551.39,710,1185,3716.378052
1.00E+14,1.00E+14,AFTERMATH EAST B UNIT 304H,4230135015,6/7/2024,479.1,,677.39,669.67,570.81,145,900,4248.536349
1.00E+14,1.00E+14,AFTERMATH EAST B UNIT 304H,4230135015,6/6/2024,315.64,,530,521.92,442.57,145,911,4618.14
1.00E+14,1.00E+14,AFTERMATH EAST B UNIT 304H,4230135015,6/5/2024,330.24,,544.07,536.2,476.79,142,921,4582.312083
1.00E+14,1.00E+14,AFTERMATH EAST B UNIT 304H,4230135015,6/4/2024,320.36,,528,523.7,453.85,145,930,4543.197917
1.00E+14,1.00E+14,AFTERMATH EAST B UNIT 304H,4230135015,6/3/2024,304.27,,522.78,518.44,434.81,145,938,4500.09375
1.00E+14,1.00E+14,AFTERMATH EAST B UNIT 304H,4230135015,6/2/2024,337.76,,519.7,515.37,431.73,150,938,4453.205
1.00E+14,1.00E+14,AFTERMATH EAST B UNIT 304H,4230135015,6/1/2024,322.26,,521.51,517.15,416.13,147,937,4401.48375
1.00E+14,1.00E+14,AFTERMATH EAST B UNIT 304H,4230135015,5/31/2024,272.9,,531.08,526.57,444.75,145.75,968.72,4343.04875
1.00E+14,1.00E+14,AFTERMATH EAST B UNIT 304H,4230135015,5/30/2024,265.25,,550.8,546.14,444.44,146,981,4275.450417
1.00E+14,1.00E+14,AFTERMATH EAST B UNIT 304H,4230135015,5/29/2024,265.04,,550.43,545.8,444.46,145,1008,4194.3525
1.00E+14,1.00E+14,AFTERMATH EAST B UNIT 304H,4230135015,5/28/2024,287.44,,551.27,546.21,475.8,145,1007,4092.932083
1.00E+14,1.00E+14,AFTERMATH EAST B UNIT 304H,4230135015,5/27/2024,247.22,,470.45,464.8,509.51,145,1023,3953.728333
1.00E+14,1.00E+14,AFTERMATH EAST B UNIT 304H,4230135015,5/26/2024,245.32,,471.72,466.18,510.15,143,1054,3718.725417
1.00E+14,1.00E+14,AFTERMATH EAST B UNIT 304H,4230135015,5/25/2024,219.42,,408.07,404.17,417.06,193,1210,3056.364583
1.00E+14,1.00E+14,AFTERMATH EAST B UNIT 304H,4230135015,5/24/2024,448.64,,489.23,484.67,634.79,221,1157,3112.172083
1.00E+14,1.00E+14,AFTERMATH EAST B UNIT 304H,4230135015,5/23/2024,434.58,,456.06,0,527.7,146,1033,3796.299167
1.00E+14,1.00E+14,AFTERMATH EAST B UNIT 304H,4230135015,5/22/2024,485.43,,567.75,562.58,415.48,165,1102,3223.73
1.00E+14,1.00E+14,AFTERMATH EAST B UNIT 304H,4230135015,5/21/2024,464.21,,645.09,639.78,601.18,199,1180,3069.4475
1.00E+14,1.00E+14,AFTERMATH EAST B UNIT 304H,4230135015,5/20/2024,352.89,,639.43,634.56,458.42,256,1178,3419.777932
1.00E+14,1.00E+14,AFTERMATH EAST B UNIT 304H,4230135015,5/19/2024,309.4,,402.61,387.79,252.65,1243,1061,4325.112917
1.00E+14,1.00E+14,AFTERMATH EAST B UNIT 304H,4230135015,5/18/2024,380.54,,568.52,563.32,399.1,1107.37,1045.91,4129.44875
1.00E+14,1.00E+14,AFTERMATH EAST B UNIT 304H,4230135015,5/17/2024,371.65,,693.37,688.02,430.18,374,1131,3524.397768
1.00E+14,1.00E+14,AFTERMATH EAST B UNIT 304H,4230135015,5/16/2024,375.25,,762.28,757.23,466.35,1889,130,4245.675
1.00E+14,1.00E+14,AFTERMATH EAST B UNIT 304H,4230135015,5/15/2024,292.56,,547.14,536.27,402.24,1856,1139,4608.583741
1.00E+14,1.00E+14,AFTERMATH EAST B UNIT 304H,4230135015,5/14/2024,315.18,,556.28,551.81,426.97,1830,1127,4560.936667
1.00E+14,1.00E+14,AFTERMATH EAST B UNIT 304H,4230135015,5/13/2024,366.84,,563.52,557.75,440.3,1783,1115,4494.867917
1.00E+14,1.00E+14,AFTERMATH EAST B UNIT 304H,4230135015,5/12/2024,347.19,,557.53,537.91,472.58,152,967,4432.685538
1.00E+14,1.00E+14,AFTERMATH EAST B UNIT 304H,4230135015,5/11/2024,290.8,,675.37,668.56,397.85,149,976,4410.4475
1.00E+14,1.00E+14,AFTERMATH EAST B UNIT 304H,4230135015,5/10/2024,291.63,,561.02,555.33,320.63,150,987,4299.635417
1.00E+14,1.00E+14,AFTERMATH EAST B UNIT 304H,4230135015,5/9/2024,281.57,,485.41,480.35,382.19,150,1016,4054.097083
1.00E+14,1.00E+14,AFTERMATH EAST B UNIT 304H,4230135015,5/8/2024,293.72,,583.03,578.4,396.24,480,1130,3581.615862
1.00E+14,1.00E+14,AFTERMATH EAST B UNIT 304H,4230135015,5/7/2024,580.83,,734.9,729.56,651.01,998,1390,4198.806718
1.00E+14,1.00E+14,AFTERMATH EAST B UNIT 304H,4230135015,5/6/2024,452.77,,579.02,571.07,621.34,284.85,233.14,4662.71375
1.00E+14,1.00E+14,AFTERMATH EAST B UNIT 304H,4230135015,5/5/2024,300.19,,460.89,0,455.78,145,0,4646.595
1.00E+14,1.00E+14,AFTERMATH EAST B UNIT 304H,4230135015,5/4/2024,178.17,,387.05,345.42,320.36,148,0,4621.112917
1.00E+14,1.00E+14,AFTERMATH EAST B UNIT 304H,4230135015,5/3/2024,314.71,,556.23,507.04,453.62,148.49,-2.53,4594.37
1.00E+14,1.00E+14,AFTERMATH EAST B UNIT 304H,4230135015,5/2/2024,324.39,,583.92,578.74,454.42,149,0,4565.999167
1.00E+14,1.00E+14,AFTERMATH EAST B UNIT 304H,4230135015,5/1/2024,317.47,,556.95,549.07,471.06,149,0,4535.655417
1.00E+14,1.00E+14,AFTERMATH EAST B UNIT 304H,4230135015,4/30/2024,311.64,,557.41,549.72,466.36,153,0,4502.0875
1.00E+14,1.00E+14,AFTERMATH EAST B UNIT 304H,4230135015,4/29/2024,305.41,,558.68,553.95,466.46,149,0,4464.5525
1.00E+14,1.00E+14,AFTERMATH EAST B UNIT 304H,4230135015,4/28/2024,302.13,,574.43,569.28,432.85,148,0,4420.3525
1.00E+14,1.00E+14,AFTERMATH EAST B UNIT 304H,4230135015,4/27/2024,288.43,,578.21,573.02,432.59,148,0,4364.37
1.00E+14,1.00E+14,AFTERMATH EAST B UNIT 304H,4230135015,4/26/2024,353.18,,602.74,597.63,429,154,978,4285.517083
1.00E+14,1.00E+14,AFTERMATH EAST B UNIT 304H,4230135015,4/25/2024,395,,565.02,560.14,462.37,150,0,4114.466667
1.00E+14,1.00E+14,AFTERMATH EAST B UNIT 304H,4230135015,4/24/2024,357.82,,752.09,746.4,473.63,790,0,3878.782917
1.00E+14,1.00E+14,AFTERMATH EAST B UNIT 304H,4230135015,4/23/2024,79.47,,102.15,100.84,70.47,2031,0,4499.792215
1.00E+14,1.00E+14,AFTERMATH EAST B UNIT 304H,4230135015,4/22/2024,0,,0,0,0,2000,0,4510.9775
1.00E+14,1.00E+14,AFTERMATH EAST B UNIT 304H,4230135015,4/21/2024,0,,0,0,0,2001,0,4493.292083
1.00E+14,1.00E+14,AFTERMATH EAST B UNIT 304H,4230135015,4/20/2024,0,,0,0,0,2000,0,4466.040209
1.00E+14,1.00E+14,AFTERMATH EAST B UNIT 304H,4230135015,4/19/2024,0,,0,0,0,1950,0,4434.249167
1.00E+14,1.00E+14,AFTERMATH EAST B UNIT 304H,4230135015,4/18/2024,0,,0,0,0,1941,0,4401.119583
1.00E+14,1.00E+14,AFTERMATH EAST B UNIT 304H,4230135015,4/17/2024,0,,0,0,0,1901,0,4366.495
1.00E+14,1.00E+14,AFTERMATH EAST B UNIT 304H,4230135015,4/16/2024,0,,0,0,0,1894,0,4330.354741
1.00E+14,1.00E+14,AFTERMATH EAST B UNIT 304H,4230135015,4/15/2024,0,,0,0,0,1866,0,4292.635833
1.00E+14,1.00E+14,AFTERMATH EAST B UNIT 304H,4230135015,4/14/2024,0,,0,0,0,1843.38,-2.4,4253.66875
1.00E+14,1.00E+14,AFTERMATH EAST B UNIT 304H,4230135015,4/13/2024,0,,0,0,0,1819,0,4213.132083
1.00E+14,1.00E+14,AFTERMATH EAST B UNIT 304H,4230135015,4/12/2024,0,,0,0,0,1794,0,4170.805833
1.00E+14,1.00E+14,AFTERMATH EAST B UNIT 304H,4230135015,4/11/2024,0,,0,0,0,1761,0,4127.350417
1.00E+14,1.00E+14,AFTERMATH EAST B UNIT 304H,4230135015,4/10/2024,0,,0,0,0,1740,0,4083.00125
1.00E+14,1.00E+14,AFTERMATH EAST B UNIT 304H,4230135015,4/9/2024,0,,0,0,0,1701,0,4033.230801
1.00E+14,1.00E+14,AFTERMATH EAST B UNIT 304H,4230135015,4/8/2024,0,,0,0,0,1677,1000,3990.541191
1.00E+14,1.00E+14,AFTERMATH EAST B UNIT 304H,4230135015,4/7/2024,0,,0,0,0,1643,1600,3949.85959
1.00E+14,1.00E+14,AFTERMATH EAST B UNIT 304H,4230135015,4/6/2024,0,,0,0,0,1581.54,-3.04,3906.959451
1.00E+14,1.00E+14,AFTERMATH EAST B UNIT 304H,4230135015,4/5/2024,0,,0,0,0,1547,0,3861.047788
1.00E+14,1.00E+14,AFTERMATH EAST B UNIT 304H,4230135015,4/4/2024,0,,0,0,0,1489,113,3810.564916
1.00E+14,1.00E+14,AFTERMATH EAST B UNIT 304H,4230135015,4/3/2024,0,,0,0,0,1447,0,3752.801024
1.00E+14,1.00E+14,AFTERMATH EAST B UNIT 304H,4230135015,4/2/2024,0,,0,0,0,1409,1030,3683.468569
1.00E+14,1.00E+14,AFTERMATH EAST B UNIT 304H,4230135015,4/1/2024,0,,0,0,0,1343.04,432.41,3587.760321
1.00E+14,1.00E+14,AFTERMATH EAST B UNIT 304H,4230135015,3/31/2024,0,,0,0,0,1275,1028,3426.443684
1.00E+14,1.00E+14,AFTERMATH EAST B UNIT 304H,4230135015,3/30/2024,261.94,,423.52,416.67,330.22,192,1178,2945.151271
1.00E+14,1.00E+14,AFTERMATH EAST B UNIT 304H,4230135015,3/29/2024,234.12,,304.44,300.77,294.22,860,1073,3500.880612
1.00E+14,1.00E+14,AFTERMATH EAST B UNIT 304H,4230135015,3/28/2024,0,,0,0,0,1383,1359,3614.120462
1.00E+14,1.00E+14,AFTERMATH EAST B UNIT 304H,4230135015,3/27/2024,0,,0,0,0,1360,1336,3560.551622
1.00E+14,1.00E+14,AFTERMATH EAST B UNIT 304H,4230135015,3/26/2024,221.07,,569.53,0,323.99,1265,1248,3477.991374
1.00E+14,1.00E+14,AFTERMATH EAST B UNIT 304H,4230135015,3/25/2024,286.52,,736.81,0,454.47,1088,1094,3374.04804
1.00E+14,1.00E+14,AFTERMATH EAST B UNIT 304H,4230135015,3/24/2024,238.87,,318.35,0,347.62,122,1007,3229.643738
1.00E+14,1.00E+14,AFTERMATH EAST B UNIT 304H,4230135015,3/23/2024,284.27,,520.36,510.91,431.05,622,1152,3052.555668
1.00E+14,1.00E+14,AFTERMATH EAST B UNIT 304H,4230135015,3/22/2024,150.98,,412.84,403.64,371.46,123,1029,3057.340212
1.00E+14,1.00E+14,AFTERMATH EAST B UNIT 304H,4230135015,3/21/2024,232.46,,378.65,369.81,322.3,1427,367,2884.350605
1.00E+14,1.00E+14,AFTERMATH EAST B UNIT 304H,4230135015,3/20/2024,130.3,,305.19,294.84,216.13,440.91,354.43,2482.362914
1.00E+14,1.00E+14,AFTERMATH EAST B UNIT 304H,4230135015,3/19/2024,387.39,,805.06,793.93,518.49,284.96,256.5,2432.090854
1.00E+14,1.00E+14,AFTERMATH EAST B UNIT 304H,4230135015,3/18/2024,362.56,,657.21,648.78,521.68,219.06,237.1,2452.522734
1.00E+14,1.00E+14,AFTERMATH EAST B UNIT 304H,4230135015,3/17/2024,405.7,,528.76,521.6,561.96,177.67,369.63,2757.530417
1.00E+14,1.00E+14,AFTERMATH EAST B UNIT 304H,4230135015,3/16/2024,373.31,,550.64,542.36,541.43,201.56,337.13,2409.544583
1.00E+14,1.00E+14,AFTERMATH EAST B UNIT 304H,4230135015,3/15/2024,440.09,,883.94,870.77,656.95,208,339,2352.844747
1.00E+14,1.00E+14,AFTERMATH EAST B UNIT 304H,4230135015,3/14/2024,361,,971.43,955.91,563.36,147,1082,2453.024167
1.00E+14,1.00E+14,AFTERMATH EAST B UNIT 304H,4230135015,3/13/2024,367.19,,698.7,683.83,533.7,154,1085,2524.438925
1.00E+14,1.00E+14,AFTERMATH EAST B UNIT 304H,4230135015,3/12/2024,471.37,,677.93,663.82,444.16,191,1114,2584.642678
1.00E+14,1.00E+14,AFTERMATH EAST B UNIT 304H,4230135015,3/11/2024,455.6,,961.32,949.46,581.74,272,1160,2771.81742
1.00E+14,1.00E+14,AFTERMATH EAST B UNIT 304H,4230135015,3/10/2024,390.68,,571.34,563.79,544.48,588,1060,3481.926957
1.00E+14,1.00E+14,AFTERMATH EAST B UNIT 304H,4230135015,3/9/2024,268.5,,511.68,501.63,478.12,644,1056,3611.503814
1.00E+14,1.00E+14,AFTERMATH EAST B UNIT 304H,4230135015,3/8/2024,158.61,,334.46,327.71,476.11,695,1074,3551.583333
1.00E+14,1.00E+14,AFTERMATH EAST B UNIT 304H,4230135015,3/7/2024,257.28,,210.91,193.13,428.7,684,1067,3471.647083
1.00E+14,1.00E+14,AFTERMATH EAST B UNIT 304H,4230135015,3/6/2024,278.85,,341.75,335.02,376.26,552,1060,3266.327365
1.00E+14,1.00E+14,AFTERMATH EAST B UNIT 304H,4230135015,3/5/2024,390.47,,499.55,449.39,592.12,574,1040,3441.692083
1.00E+14,1.00E+14,AFTERMATH EAST B UNIT 304H,4230135015,3/4/2024,344.81,,411.61,403.71,462.43,160,982,3424.732917
1.00E+14,1.00E+14,AFTERMATH EAST B UNIT 304H,4230135015,3/3/2024,342.45,,421.61,413.07,552.9,135,1055,3388.213333
1.00E+14,1.00E+14,AFTERMATH EAST B UNIT 304H,4230135015,3/2/2024,105.92,,188.4,184.09,195.33,1200,1179,3362.567917
1.00E+14,1.00E+14,AFTERMATH EAST B UNIT 304H,4230135015,3/1/2024,0,,0,0,0,1178,1156,3301.634761
1.00E+14,1.00E+14,AFTERMATH EAST B UNIT 304H,4230135015,2/29/2024,0,,0,0,0,1156,1135,3242.61875
1.00E+14,1.00E+14,AFTERMATH EAST B UNIT 304H,4230135015,2/28/2024,0,,0,0,0,1141,1102,3181.3475
1.00E+14,1.00E+14,AFTERMATH EAST B UNIT 304H,4230135015,2/27/2024,0,,0,0,0,1119,1101.16,3113.678685
1.00E+14,1.00E+14,AFTERMATH EAST B UNIT 304H,4230135015,2/26/2024,0,,0,0,0,1102,1077,3057.89429
1.00E+14,1.00E+14,AFTERMATH EAST B UNIT 304H,4230135015,2/25/2024,0,,0,0,0,1067.61,1039.3,2973.4492
1.00E+14,1.00E+14,AFTERMATH EAST B UNIT 304H,4230135015,2/24/2024,0,,0,0,0,1040.71,1017.56,2877.600806
1.00E+14,1.00E+14,AFTERMATH EAST B UNIT 304H,4230135015,2/23/2024,0,,0,0,0,1022.28,990.44,2764.149192
1.00E+14,1.00E+14,AFTERMATH EAST B UNIT 304H,4230135015,2/22/2024,0,,0,0,0,1014,998,2619.043712
1.00E+14,1.00E+14,AFTERMATH EAST B UNIT 304H,4230135015,2/21/2024,102.78,,264.66,251.9,183.02,150,1045,2358.512464
1.00E+14,1.00E+14,AFTERMATH EAST B UNIT 304H,4230135015,2/20/2024,219.52,,459.47,449.65,430.64,127,1034,2047.053826
1.00E+14,1.00E+14,AFTERMATH EAST B UNIT 304H,4230135015,2/19/2024,215.5,,420.29,410.49,399.32,126,1037,2044.967688
1.00E+14,1.00E+14,AFTERMATH EAST B UNIT 304H,4230135015,2/18/2024,276.4,,556.75,544.69,425.74,140,1035,2022.148696
1.00E+14,1.00E+14,AFTERMATH EAST B UNIT 304H,4230135015,2/17/2024,306.94,,550.6,539.46,435.02,177,1004,1986.493333
1.00E+14,1.00E+14,AFTERMATH EAST B UNIT 304H,4230135015,2/16/2024,309.24,,620.41,608.52,451.79,199,1044,2022.952083
1.00E+14,1.00E+14,AFTERMATH EAST B UNIT 304H,4230135015,2/15/2024,323.54,,341.12,333.23,458.23,117,960,2181.31125
1.00E+14,1.00E+14,AFTERMATH EAST B UNIT 304H,4230135015,2/14/2024,302.78,,541,531.99,422.16,178,1053,1954.106667
1.00E+14,1.00E+14,AFTERMATH EAST B UNIT 304H,4230135015,2/13/2024,422.52,,822.21,810.9,530.14,180,1054,1926.66
1.00E+14,1.00E+14,AFTERMATH EAST B UNIT 304H,4230135015,2/12/2024,404.65,,676.21,666.82,501.53,187,1053,1934.86
1.00E+14,1.00E+14,AFTERMATH EAST B UNIT 304H,4230135015,2/11/2024,400.36,,669.64,660.41,527.15,164,1052,1946.045833
1.00E+14,1.00E+14,AFTERMATH EAST B UNIT 304H,4230135015,2/10/2024,398.16,,634.45,623.82,544.3,177,1053,1942.465
1.00E+14,1.00E+14,AFTERMATH EAST B UNIT 304H,4230135015,2/9/2024,391.01,,690.07,680.51,510.45,181,1061,1936.53625
1.00E+14,1.00E+14,AFTERMATH EAST B UNIT 304H,4230135015,2/8/2024,365.39,,783.49,774.18,538.75,194,1050,1898.2125
1.00E+14,1.00E+14,AFTERMATH EAST B UNIT 304H,4230135015,2/7/2024,595.51,,1047.59,0,883.78,166,1057,1916.977083
1.00E+14,1.00E+14,AFTERMATH EAST B UNIT 304H,4230135015,2/6/2024,415.08,,915.47,895.76,584.02,166,1057,1919.63625
1.00E+14,1.00E+14,AFTERMATH EAST B UNIT 304H,4230135015,2/5/2024,415.73,,886.95,872.04,585.11,186,1061,1956.389167
1.00E+14,1.00E+14,AFTERMATH EAST B UNIT 304H,4230135015,2/4/2024,420.14,,1044.49,1026.67,582.36,177,1066,1967.533333
1.00E+14,1.00E+14,AFTERMATH EAST B UNIT 304H,4230135015,2/3/2024,393.77,,760.49,747.02,563,146,1159,1994.501667
1.00E+14,1.00E+14,AFTERMATH EAST B UNIT 304H,4230135015,2/2/2024,400.83,,803.09,0,472.3,175,1064,1984.64375
1.00E+14,1.00E+14,AFTERMATH EAST B UNIT 304H,4230135015,2/1/2024,398.18,,807.86,794.36,583.05,178,1065,2010.487917
1.00E+14,1.00E+14,AFTERMATH EAST B UNIT 304H,4230135015,1/31/2024,396.4,,818.76,804.83,575.69,186,1070,2099.550417
1.00E+14,1.00E+14,AFTERMATH EAST B UNIT 304H,4230135015,1/30/2024,383.3,,591.82,579.14,586.33,154,1061,2093.389167
1.00E+14,1.00E+14,AFTERMATH EAST B UNIT 304H,4230135015,1/29/2024,415.96,,766.13,752.37,582.46,185,1059,
1.00E+14,1.00E+14,AFTERMATH EAST B UNIT 304H,4230135015,1/28/2024,407.95,,832.93,818.78,564.88,177,1063,2004.853913
1.00E+14,1.00E+14,AFTERMATH EAST B UNIT 304H,4230135015,1/27/2024,408.1,,805.55,791.57,579.29,174,1073,2019.297083
1.00E+14,1.00E+14,AFTERMATH EAST B UNIT 304H,4230135015,1/26/2024,403.16,,798,784.02,565.19,170,1076,2044.458333
1.00E+14,1.00E+14,AFTERMATH EAST B UNIT 304H,4230135015,1/25/2024,399.53,,821.89,807.82,600.08,143,1067,2088.890417
1.00E+14,1.00E+14,AFTERMATH EAST B UNIT 304H,4230135015,1/24/2024,319.67,,683.73,668.97,478.82,144,1065,2112.4625
1.00E+14,1.00E+14,AFTERMATH EAST B UNIT 304H,4230135015,1/23/2024,397,,782.19,767.92,608.55,161,1067,2149.979167
1.00E+14,1.00E+14,AFTERMATH EAST B UNIT 304H,4230135015,1/22/2024,428.51,,538.65,527,605.35,180,1063,2143.22
1.00E+14,1.00E+14,AFTERMATH EAST B UNIT 304H,4230135015,1/21/2024,417.28,,628.42,615.7,568.21,152,1070,2143.628333
1.00E+14,1.00E+14,AFTERMATH EAST B UNIT 304H,4230135015,1/20/2024,418.11,,401.22,369,469.38,125,1022,2438.597083
1.00E+14,1.00E+14,AFTERMATH EAST B UNIT 304H,4230135015,1/19/2024,251.49,,764.56,595.68,382.2,180,1090,2088.864583
1.00E+14,1.00E+14,AFTERMATH EAST B UNIT 304H,4230135015,1/18/2024,426.61,,-45.4,0,580.84,183,1060,1998.936667
1.00E+14,1.00E+14,AFTERMATH EAST B UNIT 304H,4230135015,1/17/2024,413.04,,849.95,834.86,578.51,177,1062,1972.480833
1.00E+14,1.00E+14,AFTERMATH EAST B UNIT 304H,4230135015,1/16/2024,413.79,,726.21,702.84,566.89,171,1065,1961.332917
1.00E+14,1.00E+14,AFTERMATH EAST B UNIT 304H,4230135015,1/15/2024,437.8,,809.15,785.3,514.45,161,1061,1970.233333
1.00E+14,1.00E+14,AFTERMATH EAST B UNIT 304H,4230135015,1/14/2024,331.12,,752.61,734.55,469.31,171,1060,1988.4076
1.00E+14,1.00E+14,AFTERMATH EAST B UNIT 304H,4230135015,1/13/2024,359.46,,799.4,781.23,456.07,,,2017.55
1.00E+14,1.00E+14,AFTERMATH EAST B UNIT 304H,4230135015,1/12/2024,395.22,,1006.72,989.01,511.27,164,1103,2025.440556
1.00E+14,1.00E+14,AFTERMATH EAST B UNIT 304H,4230135015,1/11/2024,363.18,,699.42,652.75,504.46,177,1069,
1.00E+14,1.00E+14,AFTERMATH EAST B UNIT 304H,4230135015,1/9/2024,334.58,,483.93,470.91,452.61,150,1098,
1.00E+14,1.00E+14,AFTERMATH EAST B UNIT 304H,4230135015,1/8/2024,361.37,,667.73,654.63,512.39,248,1099,
1.00E+14,1.00E+14,AFTERMATH EAST B UNIT 304H,4230135015,1/7/2024,376.84,,669.2,656.06,530.42,235,1096,
1.00E+14,1.00E+14,AFTERMATH EAST B UNIT 304H,4230135015,1/6/2024,379.05,,690.33,676.74,536.48,158,1082,
1.00E+14,1.00E+14,AFTERMATH EAST B UNIT 304H,4230135015,1/5/2024,373.37,,663.93,650.54,511.33,320,1074,
1.00E+14,1.00E+14,AFTERMATH EAST B UNIT 304H,4230135015,1/4/2024,370.21,,701.86,628.02,507.48,245,1060,
1.00E+14,1.00E+14,AFTERMATH EAST B UNIT 304H,4230135015,1/3/2024,414.81,,880.71,861.1,558.32,129,1019,
1.00E+14,1.00E+14,AFTERMATH EAST B UNIT 304H,4230135015,1/2/2024,402.18,,977.19,961.67,558.12,164,1076,
1.00E+14,1.00E+14,AFTERMATH EAST B UNIT 304H,4230135015,1/1/2024,413.21,,922.25,907.17,559.51,148,1050,
1.00E+14,1.00E+14,AFTERMATH EAST B UNIT 304H,4230135015,12/31/2023,403.66,,-36.23,0,559.35,203,1057,1924.027895
1.00E+14,1.00E+14,AFTERMATH EAST B UNIT 304H,4230135015,12/30/2023,399.36,,893.72,878.93,570.12,225,1052,1922.85125
1.00E+14,1.00E+14,AFTERMATH EAST B UNIT 304H,4230135015,12/29/2023,405.33,,978.22,961.89,556.58,180,1053,1917.194583
1.00E+14,1.00E+14,AFTERMATH EAST B UNIT 304H,4230135015,12/28/2023,401.01,,1208.86,1188.76,579.28,153,1052,1919.538333
1.00E+14,1.00E+14,AFTERMATH EAST B UNIT 304H,4230135015,12/27/2023,416.45,,910.08,895.13,574.29,183,1054,1923.364167
1.00E+14,1.00E+14,AFTERMATH EAST B UNIT 304H,4230135015,12/26/2023,358.83,,803.89,789.86,548.88,224,1055,1919.325417
1.00E+14,1.00E+14,AFTERMATH EAST B UNIT 304H,4230135015,12/25/2023,386.98,,897.44,882.66,581.31,188,1061,1915.3225
1.00E+14,1.00E+14,AFTERMATH EAST B UNIT 304H,4230135015,12/24/2023,386.88,,906.81,892.38,577.05,234,1059,1919.5875
1.00E+14,1.00E+14,AFTERMATH EAST B UNIT 304H,4230135015,12/23/2023,394.7,,859.01,845.42,572.17,166,1062,1927.835
1.00E+14,1.00E+14,AFTERMATH EAST B UNIT 304H,4230135015,12/22/2023,443.72,,992.24,977.13,603.62,211,1062,1961.894167
1.00E+14,1.00E+14,AFTERMATH EAST B UNIT 304H,4230135015,12/21/2023,377.34,,720.11,708,554.66,,,2000.73875
1.00E+14,1.00E+14,AFTERMATH EAST B UNIT 304H,4230135015,12/20/2023,402.42,,1102.36,1084.88,605.8,157,1054,1923.721667
1.00E+14,1.00E+14,AFTERMATH EAST B UNIT 304H,4230135015,12/19/2023,336.82,,802.42,789.28,564.44,173,1059,1927.35375
1.00E+14,1.00E+14,AFTERMATH EAST B UNIT 304H,4230135015,12/18/2023,395.74,,693.94,681.92,551.28,167,1052,1910.719167
1.00E+14,1.00E+14,AFTERMATH EAST B UNIT 304H,4230135015,12/17/2023,392.23,,851,837.36,574.29,164,1057,1887.349167
1.00E+14,1.00E+14,AFTERMATH EAST B UNIT 304H,4230135015,12/16/2023,389.17,,844.43,831.13,559.37,205,1058,1892.671667
1.00E+14,1.00E+14,AFTERMATH EAST B UNIT 304H,4230135015,12/15/2023,326,,653.63,643.42,570.43,223,1074,1910.395
1.00E+14,1.00E+14,AFTERMATH EAST B UNIT 304H,4230135015,12/14/2023,402.37,,873.13,858.75,538.01,206,1060,1935.2075
1.00E+14,1.00E+14,AFTERMATH EAST B UNIT 304H,4230135015,12/13/2023,376.69,,534.37,525.36,558.99,177,1064,1958.507083
1.00E+14,1.00E+14,AFTERMATH EAST B UNIT 304H,4230135015,12/12/2023,420.56,,945.04,931.1,518.11,164,1046,1986.130417
1.00E+14,1.00E+14,AFTERMATH EAST B UNIT 304H,4230135015,12/11/2023,384.26,,937.69,923.83,570.4,176,1066,1988.931667
1.00E+14,1.00E+14,AFTERMATH EAST B UNIT 304H,4230135015,12/10/2023,393.27,,918.25,904.44,575.93,185,1066,1991.16625
1.00E+14,1.00E+14,AFTERMATH EAST B UNIT 304H,4230135015,12/9/2023,414.52,,897.17,883.66,561.07,186,1066,2006.574583
1.00E+14,1.00E+14,AFTERMATH EAST B UNIT 304H,4230135015,12/8/2023,384.91,,769.44,757.67,572.92,186,1068,2021.077083
1.00E+14,1.00E+14,AFTERMATH EAST B UNIT 304H,4230135015,12/7/2023,400.07,,743.65,731.81,534.66,179,1069,2042.720833
1.00E+14,1.00E+14,AFTERMATH EAST B UNIT 304H,4230135015,12/6/2023,402.83,,722.7,711.12,530.77,199,1073,2069.050833
1.00E+14,1.00E+14,AFTERMATH EAST B UNIT 304H,4230135015,12/5/2023,421.85,,604.43,594.16,570.8,192,1076,2086.72625
1.00E+14,1.00E+14,AFTERMATH EAST B UNIT 304H,4230135015,12/4/2023,407.41,,779.42,768.28,573.48,156,1080,2087.6075
1.00E+14,1.00E+14,AFTERMATH EAST B UNIT 304H,4230135015,12/3/2023,368.12,,636.35,625.92,496.11,221,1082,2108.895
1.00E+14,1.00E+14,AFTERMATH EAST B UNIT 304H,4230135015,12/2/2023,354.95,,627.93,617.72,454.25,,,2109.870361
1.00E+14,1.00E+14,AFTERMATH EAST B UNIT 304H,4230135015,12/1/2023,347.8,,743.18,729.77,466.58,188,1104,2180.030029
1.00E+14,1.00E+14,AFTERMATH EAST B UNIT 304H,4230135015,11/30/2023,257.17,,321.57,315.08,484.01,145,1044,2468.753418
1.00E+14,1.00E+14,AFTERMATH EAST B UNIT 304H,4230135015,11/29/2023,287.57,,389.93,381.04,358.62,204,1071,2130.595703
1.00E+14,1.00E+14,AFTERMATH EAST B UNIT 304H,4230135015,11/28/2023,350.11,,571.06,560.49,460.45,203,1071,2072.80127
1.00E+14,1.00E+14,AFTERMATH EAST B UNIT 304H,4230135015,11/27/2023,353.42,,858.54,844.69,491.71,179,1076,2076.410889
1.00E+14,1.00E+14,AFTERMATH EAST B UNIT 304H,4230135015,11/26/2023,360.35,,650.94,639.87,488.94,169,1076,2073.919922
1.00E+14,1.00E+14,AFTERMATH EAST B UNIT 304H,4230135015,11/25/2023,354.28,,673.25,662.3,466.58,183,1081,2083.167969
1.00E+14,1.00E+14,AFTERMATH EAST B UNIT 304H,4230135015,11/24/2023,387.49,,667.16,656.41,450.48,178,1077,2090.027588
1.00E+14,1.00E+14,AFTERMATH EAST B UNIT 304H,4230135015,11/23/2023,358.3,,609.79,599.73,417.56,211,1072,2127.119629
1.00E+14,1.00E+14,AFTERMATH EAST B UNIT 304H,4230135015,11/21/2023,345.25,,741.32,730.05,417.9,205,1076,2070.040527
1.00E+14,1.00E+14,AFTERMATH EAST B UNIT 304H,4230135015,11/20/2023,341.3,,694.22,683.26,447.87,173,1074,2067.80249
1.00E+14,1.00E+14,AFTERMATH EAST B UNIT 304H,4230135015,11/19/2023,339.06,,694.61,683.72,454.86,177,1075,2066.71167
1.00E+14,1.00E+14,AFTERMATH EAST B UNIT 304H,4230135015,11/18/2023,335.67,,701.69,690.78,468.69,183,1074,2069.921631
1.00E+14,1.00E+14,AFTERMATH EAST B UNIT 304H,4230135015,11/17/2023,349.59,,742.19,730.59,304.01,169,1079,2069.836182
1.00E+14,1.00E+14,AFTERMATH EAST B UNIT 304H,4230135015,11/16/2023,349.01,,752.59,740.85,468.43,191,1081,2074.587158
1.00E+14,1.00E+14,AFTERMATH EAST B UNIT 304H,4230135015,11/15/2023,351.9,,700.02,689.27,471.54,186,1072,2067.646729
1.00E+14,1.00E+14,AFTERMATH EAST B UNIT 304H,4230135015,11/14/2023,378.87,,756.17,745.11,525.24,170,1067,2044.573364
1.00E+14,1.00E+14,AFTERMATH EAST B UNIT 304H,4230135015,11/13/2023,390.33,,792.6,781.42,520.42,173,1069,2034.269531
1.00E+14,1.00E+14,AFTERMATH EAST B UNIT 304H,4230135015,11/12/2023,404.93,,778.07,765.41,545.09,174,1023,2042.983398
1.00E+14,1.00E+14,AFTERMATH EAST B UNIT 304H,4230135015,11/11/2023,427.04,,739.2,725.58,550.63,176,1076,
1.00E+14,1.00E+14,AFTERMATH EAST B UNIT 304H,4230135015,11/10/2023,499.6,,723.36,712.79,764.58,176,1062,
1.00E+14,1.00E+14,AFTERMATH EAST B UNIT 304H,4230135015,11/9/2023,496.51,,728.35,716.66,782.75,178,1024,
1.00E+14,1.00E+14,AFTERMATH EAST B UNIT 304H,4230135015,11/8/2023,494.42,,617.37,608.13,810.46,128,1077,
1.00E+14,1.00E+14,AFTERMATH EAST B UNIT 304H,4230135015,11/7/2023,467.99,,766,755.14,744.59,181,1076,
1.00E+14,1.00E+14,AFTERMATH EAST B UNIT 304H,4230135015,11/6/2023,496.44,,754.05,743.31,743.68,177,1071,
1.00E+14,1.00E+14,AFTERMATH EAST B UNIT 304H,4230135015,11/5/2023,496.77,,667.97,658.55,788.4,178,1113,
1.00E+14,1.00E+14,AFTERMATH EAST B UNIT 304H,4230135015,11/4/2023,491.99,,798.17,787.33,764.08,175,1074,2079.151855
1.00E+14,1.00E+14,AFTERMATH EAST B UNIT 304H,4230135015,11/3/2023,495.27,,724.13,713.3,788.63,175,1074,2090.17041
1.00E+14,1.00E+14,AFTERMATH EAST B UNIT 304H,4230135015,11/2/2023,485.08,,507.32,499.68,692.06,178,1077,2104.351318
1.00E+14,1.00E+14,AFTERMATH EAST B UNIT 304H,4230135015,11/1/2023,361.97,,543.67,534.71,689.2,127,1087,2186.256592
1.00E+14,1.00E+14,AFTERMATH EAST B UNIT 304H,4230135015,10/31/2023,433.37,,854.67,841.03,587.22,183,1105,2044.411621
1.00E+14,1.00E+14,AFTERMATH EAST B UNIT 304H,4230135015,10/30/2023,441.37,,702.75,692.16,691.62,182,1071,2041.630005
1.00E+14,1.00E+14,AFTERMATH EAST B UNIT 304H,4230135015,10/29/2023,514.09,,755.6,744.65,772.74,179,1018,2073.360352
1.00E+14,1.00E+14,AFTERMATH EAST B UNIT 304H,4230135015,10/28/2023,528.38,,944.62,931.99,767.76,175,1077,2086.856689
1.00E+14,1.00E+14,AFTERMATH EAST B UNIT 304H,4230135015,10/27/2023,537.66,,881.91,870.09,787.72,194,1077,2084.952148
1.00E+14,1.00E+14,AFTERMATH EAST B UNIT 304H,4230135015,10/26/2023,492.24,,968.69,955.72,879.4,189,1025,2086.300049
1.00E+14,1.00E+14,AFTERMATH EAST B UNIT 304H,4230135015,10/25/2023,503.26,,863.83,851.67,791.94,192,1062,2093.477539
1.00E+14,1.00E+14,AFTERMATH EAST B UNIT 304H,4230135015,10/24/2023,488.78,,900.01,887.55,786.37,191,1086,2107.651611
1.00E+14,1.00E+14,AFTERMATH EAST B UNIT 304H,4230135015,10/23/2023,495.53,,908.36,895.71,789.82,191,1086,2109.889648
1.00E+14,1.00E+14,AFTERMATH EAST B UNIT 304H,4230135015,10/22/2023,490.8,,945.02,932.19,793.27,200,1022,2110.552246
1.00E+14,1.00E+14,AFTERMATH EAST B UNIT 304H,4230135015,10/21/2023,493.89,,962.43,943.82,799.23,191,1083,
1.00E+14,1.00E+14,AFTERMATH EAST B UNIT 304H,4230135015,10/20/2023,495.15,,968.9,948.32,785.72,192,1082,
1.00E+14,1.00E+14,AFTERMATH EAST B UNIT 304H,4230135015,10/19/2023,487.19,,969.59,953.24,806.42,197,1043,
1.00E+14,1.00E+14,AFTERMATH EAST B UNIT 304H,4230135015,10/18/2023,490.67,,962.97,949.14,787.98,192,986,2105.350586
1.00E+14,1.00E+14,AFTERMATH EAST B UNIT 304H,4230135015,10/17/2023,511.9,,910.64,898.63,801.16,191,999,2102.858643
1.00E+14,1.00E+14,AFTERMATH EAST B UNIT 304H,4230135015,10/16/2023,508.57,,988.78,975.89,795.64,184,1080,2096.640869
1.00E+14,1.00E+14,AFTERMATH EAST B UNIT 304H,4230135015,10/15/2023,482.03,,966.99,954.4,802.82,195,1079,2082.443848
1.00E+14,1.00E+14,AFTERMATH EAST B UNIT 304H,4230135015,10/14/2023,469.43,,886.59,874.18,726.69,189,1084,2081.36377
1.00E+14,1.00E+14,AFTERMATH EAST B UNIT 304H,4230135015,10/13/2023,510.38,,977.65,963.65,736.68,192,1018,2075.001953
1.00E+14,1.00E+14,AFTERMATH EAST B UNIT 304H,4230135015,10/12/2023,496.37,,787.27,776.39,704.47,32,1074,2055.808838
1.00E+14,1.00E+14,AFTERMATH EAST B UNIT 304H,4230135015,10/11/2023,530.96,,814.14,803.23,700.2,192,1072,2079.547607
1.00E+14,1.00E+14,AFTERMATH EAST B UNIT 304H,4230135015,10/10/2023,421.82,,844.59,833.54,605.62,171,1089,2110.057129
1.00E+14,1.00E+14,AFTERMATH EAST B UNIT 304H,4230135015,10/9/2023,516.19,,804.75,794.07,709.54,216,1079,2120.337891
1.00E+14,1.00E+14,AFTERMATH EAST B UNIT 304H,4230135015,10/8/2023,530.79,,801.15,790.49,757.53,178,1084,2132.705322
1.00E+14,1.00E+14,AFTERMATH EAST B UNIT 304H,4230135015,10/7/2023,442,,714.58,704.81,668.26,186,1097,2149.7771
1.00E+14,1.00E+14,AFTERMATH EAST B UNIT 304H,4230135015,10/6/2023,486.77,,705.26,695.5,665.08,311,1125,2281.95166
1.00E+14,1.00E+14,AFTERMATH EAST B UNIT 304H,4230135015,10/5/2023,483.1,,620.64,610.6,664.3,,,2112.394531
1.00E+14,1.00E+14,AFTERMATH EAST B UNIT 304H,4230135015,10/4/2023,425.47,,1180.88,1164.23,509.66,,,2113.932617
1.00E+14,1.00E+14,AFTERMATH EAST B UNIT 304H,4230135015,10/3/2023,574.7,,1229.67,1213.99,739.43,185,1083,2111.58374
1.00E+14,1.00E+14,AFTERMATH EAST B UNIT 304H,4230135015,10/2/2023,576.64,,852.24,841.4,761.25,179,1077,2109.551758
1.00E+14,1.00E+14,AFTERMATH EAST B UNIT 304H,4230135015,10/1/2023,565.69,,842.9,832.21,742.26,185,1079,2121.406982
1.00E+14,1.00E+14,AFTERMATH EAST B UNIT 304H,4230135015,9/30/2023,561.77,,812.89,801.05,759.68,325,1079,2096.754639
1.00E+14,1.00E+14,AFTERMATH EAST B UNIT 304H,4230135015,9/29/2023,498.68,,831.4,817.96,748.45,271,1083,2097.906982
1.00E+14,1.00E+14,AFTERMATH EAST B UNIT 304H,4230135015,9/28/2023,521.37,,879.31,868.2,742.15,176,1085,2117.004883
1.00E+14,1.00E+14,AFTERMATH EAST B UNIT 304H,4230135015,9/27/2023,519.81,,848.36,837.93,726.65,174,1071,2170.438721
1.00E+14,1.00E+14,AFTERMATH EAST B UNIT 304H,4230135015,9/26/2023,492.72,,755.53,743.71,725.5,164,1061,2191.47876
1.00E+14,1.00E+14,AFTERMATH EAST B UNIT 304H,4230135015,9/25/2023,493.28,,795.14,783.5,729.07,240,1001,2128.682617
1.00E+14,1.00E+14,AFTERMATH EAST B UNIT 304H,4230135015,9/24/2023,494.7,,876.13,865.29,745.03,190,1083,2119.570801
1.00E+14,1.00E+14,AFTERMATH EAST B UNIT 304H,4230135015,9/23/2023,505.36,,886.97,868.35,743.02,185,1085,2124.366211
1.00E+14,1.00E+14,AFTERMATH EAST B UNIT 304H,4230135015,9/22/2023,494.1,,886.94,876.33,734.43,201,1075,2109.642578
1.00E+14,1.00E+14,AFTERMATH EAST B UNIT 304H,4230135015,9/21/2023,505.91,,872.94,862.05,734.38,185,1080,2111.154053
1.00E+14,1.00E+14,AFTERMATH EAST B UNIT 304H,4230135015,9/20/2023,483.83,,941.21,930,707.89,183,1086,2105.057129
1.00E+14,1.00E+14,AFTERMATH EAST B UNIT 304H,4230135015,9/19/2023,482.65,,904.2,893.12,714.25,215,1083,2120.248779
1.00E+14,1.00E+14,AFTERMATH EAST B UNIT 304H,4230135015,9/18/2023,533.14,,822.81,812.32,745.94,236,1087,2122.159912
1.00E+14,1.00E+14,AFTERMATH EAST B UNIT 304H,4230135015,9/17/2023,430.96,,713.76,703.92,669.04,321,1091,2136.143311
1.00E+14,1.00E+14,AFTERMATH EAST B UNIT 304H,4230135015,9/16/2023,423.42,,546.4,538.07,593.95,174,1063,2189.0979
1.00E+14,1.00E+14,AFTERMATH EAST B UNIT 304H,4230135015,9/15/2023,427.69,,555.3,547.09,589.14,175,1069,2149.912109
1.00E+14,1.00E+14,AFTERMATH EAST B UNIT 304H,4230135015,9/14/2023,490.91,,987.87,974.48,698.74,244,1088,2121.558838
1.00E+14,1.00E+14,AFTERMATH EAST B UNIT 304H,4230135015,9/13/2023,456.06,,740.14,730.27,669.14,193,1085,2114.099609
1.00E+14,1.00E+14,AFTERMATH EAST B UNIT 304H,4230135015,9/12/2023,479.39,,754.06,744.19,655.23,178,1092,2119.39
1.00E+14,1.00E+14,AFTERMATH EAST B UNIT 304H,4230135015,9/11/2023,482.18,,748.57,738.9,645.72,188,1094,2126.05
1.00E+14,1.00E+14,AFTERMATH EAST B UNIT 304H,4230135015,9/10/2023,487.74,,752.02,742.34,646.38,184,1095,2131.52
1.00E+14,1.00E+14,AFTERMATH EAST B UNIT 304H,4230135015,9/9/2023,483.25,,712.27,703.19,617.15,186,1097,2127.04
1.00E+14,1.00E+14,AFTERMATH EAST B UNIT 304H,4230135015,9/8/2023,492.49,,746.78,737.19,660.65,214,1091,2128.78
1.00E+14,1.00E+14,AFTERMATH EAST B UNIT 304H,4230135015,9/7/2023,493.15,,750.31,740.3,671.64,182,1095,2134.14
1.00E+14,1.00E+14,AFTERMATH EAST B UNIT 304H,4230135015,9/6/2023,492.23,,830.82,820.53,674.65,226,1088,2121.14
1.00E+14,1.00E+14,AFTERMATH EAST B UNIT 304H,4230135015,9/5/2023,495.12,,956.43,944.93,680.08,262,1086,2085.46
1.00E+14,1.00E+14,AFTERMATH EAST B UNIT 304H,4230135015,9/4/2023,517.35,,811.97,799.49,686.55,205,1079,2091.95
1.00E+14,1.00E+14,AFTERMATH EAST B UNIT 304H,4230135015,9/3/2023,498.92,,820.47,810.53,593.7,181,1103,2112.03
1.00E+14,1.00E+14,AFTERMATH EAST B UNIT 304H,4230135015,9/2/2023,470.04,,833.1,822.97,623.09,272,1110,2152.15
1.00E+14,1.00E+14,AFTERMATH EAST B UNIT 304H,4230135015,9/1/2023,487.27,,752.89,743.54,669.71,211,1113,2188.22
1.00E+14,1.00E+14,AFTERMATH EAST B UNIT 304H,4230135015,8/31/2023,482.81,,724.01,714.74,619.56,213,1113,2213.74
1.00E+14,1.00E+14,AFTERMATH EAST B UNIT 304H,4230135015,8/30/2023,553.21,,807.09,797.26,773.77,218,1117,2242.36
1.00E+14,1.00E+14,AFTERMATH EAST B UNIT 304H,4230135015,8/29/2023,535.1,,792.35,782.86,739.97,195,1118,2273.1
1.00E+14,1.00E+14,AFTERMATH EAST B UNIT 304H,4230135015,8/28/2023,452.38,,404.11,397.73,597.81,,,2597.26
1.00E+14,1.00E+14,AFTERMATH EAST B UNIT 304H,4230135015,8/27/2023,304.93,,798.63,777.07,426.47,188,1105,2186.28
1.00E+14,1.00E+14,AFTERMATH EAST B UNIT 304H,4230135015,8/26/2023,540.79,,269.92,0,735.27,180,1109,2148.2
1.00E+14,1.00E+14,AFTERMATH EAST B UNIT 304H,4230135015,8/25/2023,501.71,,755.93,746.88,613.12,,,2175.33
1.00E+14,1.00E+14,AFTERMATH EAST B UNIT 304H,4230135015,8/24/2023,593.01,,884.01,874.12,792.52,207,1109,2138.45
1.00E+14,1.00E+14,AFTERMATH EAST B UNIT 304H,4230135015,8/23/2023,586.63,,1161.67,1148.99,768.08,,,2160.16
1.00E+14,1.00E+14,AFTERMATH EAST B UNIT 304H,4230135015,8/22/2023,514.07,,1151.76,1138.93,695.08,189,1112,2193.2
1.00E+14,1.00E+14,AFTERMATH EAST B UNIT 304H,4230135015,8/21/2023,408.83,,731.03,719.32,676.86,191,1110,
1.00E+14,1.00E+14,AFTERMATH EAST B UNIT 304H,4230135015,8/20/2023,550.91,,913.73,901.58,782.84,211,1110,
1.00E+14,1.00E+14,AFTERMATH EAST B UNIT 304H,4230135015,8/19/2023,568.47,,972.06,961.9,816.66,219,1112,
1.00E+14,1.00E+14,AFTERMATH EAST B UNIT 304H,4230135015,8/17/2023,599.16,,1053.21,1031.77,817.01,220,1116,
1.00E+14,1.00E+14,AFTERMATH EAST B UNIT 304H,4230135015,8/16/2023,549.27,,1031.09,1019.21,642.63,217,1119,
1.00E+14,1.00E+14,AFTERMATH EAST B UNIT 304H,4230135015,8/15/2023,536.29,,973.68,962.44,637.68,211,1122,
1.00E+14,1.00E+14,AFTERMATH EAST B UNIT 304H,4230135015,8/14/2023,572.43,,1189.42,1175.82,589.83,191,1132,
1.00E+14,1.00E+14,AFTERMATH EAST B UNIT 304H,4230135015,8/13/2023,573.32,,919.7,909.41,651.77,190,1135,
1.00E+14,1.00E+14,AFTERMATH EAST B UNIT 304H,4230135015,8/12/2023,553.51,,904.43,891.71,673.08,206,1142,
1.00E+14,1.00E+14,AFTERMATH EAST B UNIT 304H,4230135015,8/11/2023,522.47,,939.57,928.26,635.24,171,1114,
1.00E+14,1.00E+14,AFTERMATH EAST B UNIT 304H,4230135015,8/10/2023,601.33,,1061.07,1047.41,680.74,194,1186,
1.00E+14,1.00E+14,AFTERMATH EAST B UNIT 304H,4230135015,8/8/2023,396.84,,584.33,572.39,454,,,
1.00E+14,1.00E+14,AFTERMATH EAST B UNIT 304H,4230135015,8/7/2023,499.55,,1048.11,1035.56,716.2,160,1109,
1.00E+14,1.00E+14,AFTERMATH EAST B UNIT 304H,4230135015,8/5/2023,543.14,,1041.78,1029.39,740.09,199,1118,
1.00E+14,1.00E+14,AFTERMATH EAST B UNIT 304H,4230135015,8/4/2023,543.9,,1011.89,1000.24,748.36,185,1132,
1.00E+14,1.00E+14,AFTERMATH EAST B UNIT 304H,4230135015,8/3/2023,573.65,,1040.8,1029.01,759.36,184,1135,
1.00E+14,1.00E+14,AFTERMATH EAST B UNIT 304H,4230135015,8/2/2023,568.86,,1024.45,1012.83,759.14,195,1111,
1.00E+14,1.00E+14,AFTERMATH EAST B UNIT 304H,4230135015,8/1/2023,558.98,,974.84,963.68,792.44,221,1136,
1.00E+14,1.00E+14,AFTERMATH EAST B UNIT 304H,4230135015,7/31/2023,555.35,,1418.52,1400.43,787.71,221,1139,
1.00E+14,1.00E+14,AFTERMATH EAST B UNIT 304H,4230135015,7/30/2023,552.98,,1372.4,1355.15,797.61,146,1119,
1.00E+14,1.00E+14,AFTERMATH EAST B UNIT 304H,4230135015,7/29/2023,585.71,,1191.4,1178.36,752.31,198,1117,
1.00E+14,1.00E+14,AFTERMATH EAST B UNIT 304H,4230135015,7/28/2023,660.66,,1413.04,1396.63,781.17,190,1137,
1.00E+14,1.00E+14,AFTERMATH EAST B UNIT 304H,4230135015,7/27/2023,622.62,,1631.04,1612.08,794.78,197,1177,
1.00E+14,1.00E+14,AFTERMATH EAST B UNIT 304H,4230135015,7/26/2023,662.28,,1310.89,1297.54,790.52,193,1193,
1.00E+14,1.00E+14,AFTERMATH EAST B UNIT 304H,4230135015,7/25/2023,684.62,,1693.57,1674.12,790.19,547,1176,
1.00E+14,1.00E+14,AFTERMATH EAST B UNIT 304H,4230135015,7/24/2023,639.61,,1573.41,1552.23,756.24,595,1178,
1.00E+14,1.00E+14,AFTERMATH EAST B UNIT 304H,4230135015,7/23/2023,646.25,,1058.12,1016.26,737.91,204,1106,
1.00E+14,1.00E+14,AFTERMATH EAST B UNIT 304H,4230135015,7/22/2023,428.27,,688.41,677.85,591.87,147,1129,
1.00E+14,1.00E+14,AFTERMATH EAST B UNIT 304H,4230135015,7/21/2023,447.12,,770.68,759.33,611.79,114,1024,
1.00E+14,1.00E+14,AFTERMATH EAST B UNIT 304H,4230135015,7/20/2023,552.67,,997.13,982.1,742.97,201,1156,2490.56
1.00E+14,1.00E+14,AFTERMATH EAST B UNIT 304H,4230135015,7/19/2023,671.27,,1412.2,1397.33,889.62,181,1211,2610.87
1.00E+14,1.00E+14,AFTERMATH EAST B UNIT 304H,4230135015,7/18/2023,587.22,,888.25,878.72,766.81,437,1193,2800.71
1.00E+14,1.00E+14,AFTERMATH EAST B UNIT 304H,4230135015,7/17/2023,582.42,,925.06,915.18,743.12,,,2877.19
1.00E+14,1.00E+14,AFTERMATH EAST B UNIT 304H,4230135015,7/16/2023,583.25,,891.72,880.51,761.68,378,1206,2827.7
1.00E+14,1.00E+14,AFTERMATH EAST B UNIT 304H,4230135015,7/15/2023,606.43,,821.47,811.15,778.11,,,2838.93
1.00E+14,1.00E+14,AFTERMATH EAST B UNIT 304H,4230135015,7/14/2023,503.6,,1036.03,1016.93,645.23,527,1178,2892.8
1.00E+14,1.00E+14,AFTERMATH EAST B UNIT 304H,4230135015,7/13/2023,567.26,,649.87,636.95,673.49,741,1087,2858.85
1.00E+14,1.00E+14,AFTERMATH EAST B UNIT 304H,4230135015,7/12/2023,556.41,,773.39,763,785.3,221,1073,2356.02
1.00E+14,1.00E+14,AFTERMATH EAST B UNIT 304H,4230135015,7/11/2023,638.78,,1495.5,1479.59,843.64,218,1073,2353.16
1.00E+14,1.00E+14,AFTERMATH EAST B UNIT 304H,4230135015,7/10/2023,798.47,,1607.22,1584.64,821.84,218,1075,2364.25
1.00E+14,1.00E+14,AFTERMATH EAST B UNIT 304H,4230135015,7/9/2023,653.64,,1456.79,1432.17,874.35,219,1079,2379.01
1.00E+14,1.00E+14,AFTERMATH EAST B UNIT 304H,4230135015,7/8/2023,963.43,,2058.95,2019.13,1559.05,225,1089,2394.56
1.00E+14,1.00E+14,AFTERMATH EAST B UNIT 304H,4230135015,7/7/2023,948.66,,1835.39,1801.8,1575.6,217,1095,2417.15
1.00E+14,1.00E+14,AFTERMATH EAST B UNIT 304H,4230135015,7/6/2023,853.33,,1763.39,1735.17,1592.29,225,1105,2447.06
1.00E+14,1.00E+14,AFTERMATH EAST B UNIT 304H,4230135015,7/5/2023,785.44,,1670.08,1642.47,1472.15,214,1118,2483.96
1.00E+14,1.00E+14,AFTERMATH EAST B UNIT 304H,4230135015,7/4/2023,845.56,,879.84,867.4,1603.2,223,1131,2563.94
1.00E+14,1.00E+14,AFTERMATH EAST B UNIT 304H,4230135015,7/3/2023,764.08,,1501.11,1477.16,1494.26,343,1191,2752.4
1.00E+14,1.00E+14,AFTERMATH EAST B UNIT 304H,4230135015,7/2/2023,545.71,,875.03,855.28,1250.6,246,1180,
1.00E+14,1.00E+14,AFTERMATH EAST B UNIT 304H,4230135015,7/1/2023,410.96,,547.15,528.11,967.01,177,1063,2608.96
1.00E+14,1.00E+14,AFTERMATH EAST B UNIT 304H,4230135015,6/30/2023,388.57,,1013.68,992.32,922.97,235,1142,2688.02
1.00E+14,1.00E+14,AFTERMATH EAST B UNIT 304H,4230135015,6/29/2023,400.79,,627.56,607.52,676.44,201,1205,2917.93
